cross_chk_catalog_value_id|cross_chk_catalog_id|value1|value2|value3
7|8|SO2|CEM|SO2
8|8|SO2|CEMF23|SO2
12|8|SO2M|LME|
13|11|CO2|METHOD|
14|11|H2O|METHOD|
15|11|HI|METHOD|
16|11|NOXR|METHOD|
17|11|NOX|METHOD|
18|11|OP|METHOD|
19|11|SO2|METHOD|
21|8|CO2M|FSA|
22|8|CO2|CEM|CO2
23|8|SO2|AMS|SO2
24|8|CO2M|LME|
28|8|CO2|AMS|CO2
29|8|H2O|MDF|
30|8|H2O|MTB|H2OT
32|8|H2O|MMS|H2OM
33|8|H2O|MWD|H2O
34|8|OP|EXP|
35|8|OP|COM|OP
42|8|HI|CEM|CO2
43|8|HI|CALC|
44|8|HIT|MHHI|
45|8|HI|AMS|CO2
46|8|HIT|LTFF|
47|8|NOXR|AE|NOXE
49|8|NOXR|CEM|NOX
50|8|NOXR|AMS|NOX
51|8|NOX|CEM|NOXC
52|8|NOX|NOXR|
53|8|NOX|CEMNOXR|NOXC
54|8|NOXM|LME|
57|8|NOX|AMS|NOXC
58|8|NOXR|PEM|NOXP
62|8|SO2|F23|
63|13|CO2|FLOX|FLOW
64|13|HI|FLOX|FLOW
65|13|SO2|FLOX|FLOW
66|13|NOXR|NORX|
67|13|NOX|NOCX|NOX
68|13|NOX|FLOX|FLOW
69|13|SO2|SO2X|SO2
70|14|GAS|GAS|
71|14|LTGS|GAS|
72|14|LTOL|OIL|
73|14|NOXE|OIL|
74|14|NOXE|GAS|
75|14|NOXE|MIX|
77|14|NOXP|NFS|
78|14|OILM|OIL|
79|14|OILV|OIL|
80|15|CO2|CO2|
82|15|CO2|O2|
83|15|FLOW|FLOW|Yes
84|15|GAS|BGFF|
85|15|GAS|GFFM|
89|15|NOX|NOX|Yes
90|15|NOX|CO2|
91|15|NOX|O2|
92|15|NOXC|NOX|Yes
93|15|O2|O2|Yes
94|15|OILM|BOFF|
95|15|OILM|OFFM|
96|15|OILV|OFFM|
97|15|OILV|BOFF|
98|15|OP|OP|Yes
99|15|SO2|SO2|Yes
100|14|CO2|NFS|
101|14|FLOW|NFS|
102|14|H2O|NFS|
103|14|NOX|NFS|
104|14|NOXC|NFS|
105|14|O2|NFS|
106|14|OP|NFS|
107|14|SO2|NFS|
108|8|CO2|AD|
109|8|HI|AD|
110|8|HI|ADCALC|
111|8|SO2|AD|
112|16|CO2|CO2W|F-11
113|16|CO2|CO2D|F-2
114|16|CO2C|O2W|F-14B
115|16|CO2C|O2D|F-14A
116|16|CO2|O2W|F-11
117|16|CO2|O2D|F-2
118|16|SO2|SO2W|F-1
119|16|SO2|SO2D|F-2
120|16|NOXR|CO2D|19-6
121|16|NOXR|CO2D|19-8
122|16|NOXR|CO2W|F-6
123|16|NOXR|CO2W|19-7
124|16|NOXR|CO2W|19-9
125|16|NOXR|O2D|F-5
126|16|NOXR|O2D|19-1
127|16|NOXR|O2D|19-4
128|16|NOXR|O2W|19-2
129|16|NOXR|O2W|19-5
130|16|NOXR|O2W|19-3
131|16|NOXR|NOXD|F-5
132|16|NOXR|NOXD|19-1
133|16|NOXR|NOXD|19-5
134|16|NOXR|NOXD|19-6
135|16|NOXR|NOXD|19-9
136|16|NOXR|NOXW|19-2
137|16|NOXR|NOXW|19-3
138|16|NOXR|NOXW|19-4
139|16|NOXR|NOXW|19-7
140|16|NOXR|NOXW|F-6
141|16|NOXR|NOXW|19-8
144|16|NOX|NOXD|F-26B
145|16|NOX|NOXW|F-26A
146|16|HI|O2D|F-18
147|16|HI|O2W|F-17
148|16|HI|CO2D|F-16
149|16|HI|CO2W|F-15
150|16|HI|OFFM|D-8
151|16|HI|OFFM|F-19
152|16|HI|GFFM|D-6
153|16|HI|GFFM|F-20
154|16|OILM|OFFM|D-3
155|16|SO2|OFFM|D-2
156|16|SO2|GFFM|D-4
157|16|SO2|GFFM|D-5
159|16|CO2|GFFM|G-4
161|17|CO2|HI|
162|17|O2|HI|
163|17|OILM|HI|
165|17|GAS|HI|
166|17|OILV|HI|
167|17|OILV|OILM|SO2/AD
169|17|OILM|SO2|SO2/AD
170|17|OILV|SO2|SO2/AD
171|17|GAS|SO2|SO2/AD
172|17|OILM|CO2|CO2/AD
173|17|OILV|CO2|CO2/AD
174|17|GAS|CO2|CO2/AD
176|17|NOX|NOXR|
177|17|NOXC|NOX|
178|17|SO2|SO2|SO2/AMS
179|17|H2O|H2O|""
185|18|GAS|CALR|
186|18|GAS|DP|
187|18|GAS|FLC|
188|18|GAS|GCH|
190|18|GAS|PRES|
191|18|GAS|TEMP|
192|18|LTGS|CALR|
193|18|LTGS|DP|
194|18|LTGS|PRES|
195|18|LTGS|TEMP|
196|18|LTGS|FLC|
197|18|LTGS|GCH|
198|18|OILM|DP|
199|18|OILM|PRES|
200|18|OILV|DP|
201|18|OILV|PRES|
202|18|LTOL|DP|
209|21|FLOW||DP
210|21|FLOW||U
211|21|FLOW||T
212|21|FLOW||O
213|21|FUELFLOW||COR
214|21|FUELFLOW||DP
215|21|FUELFLOW||NOZ
216|21|FUELFLOW||ORF
217|21|FUELFLOW||O
218|21|FUELFLOW||T
219|21|FUELFLOW||TUR
220|21|FUELFLOW||VEN
221|21|FUELFLOW||VTX
222|21|FUELFLOW||PDP
223|21|FUELFLOW||U
224|21|TANK||O
225|21|TANK||
226|21|CONC|W|DIL
227|21|CONC|W|DIN
228|21|CONC|W|DOU
229|21|CONC|W|IS
230|21|CONC|W|ISC
231|21|CONC|D|EXT
232|21|CONC|W|WXT
233|21|CONC|W|ISP
234|21|CONC|W|O
235|21|OP||O
236|21|OP||IS
237|21|OP||ISC
238|21|DAHS||
239|21|PLC||
240|21|DL||
241|21|PRB||
242|21|DP||
243|21|CALR||
244|21|FLC||
245|21|TEMP||
246|21|PRES||
247|21|GCH||
248|21|CONC|D|O
249|21|H2O||IS
250|21|H2O||ISC
251|21|H2O||ISP
252|21|H2O||EXT
253|21|H2O||WXT
254|21|H2O||T
255|21|H2O||TUR
256|21|H2O||O
257|16|H2O|""|F-31
258|16|H2O|""|M-1K
259|16|CO2|BOFF|G-4
260|16|CO2|BGFF|G-4
261|16|HI|BOFF|D-8
262|16|HI|BOFF|F-19
263|16|HI|BGFF|D-6
264|16|HI|BGFF|F-20
265|16|SO2|BOFF|D-2
266|16|SO2|BGFF|D-4
267|16|SO2|BGFF|D-5
268|22|19-1|FD|
269|22|F-5|FD|
270|22|19-2|FW|
271|22|19-3|FD|
272|22|19-3D|FD|
273|22|19-4|FD|
274|22|19-5|FD|
275|22|19-5D|FD|
276|22|19-6|FC|
277|22|19-7|FC|
278|22|F-6|FC|
279|22|19-8|FC|
280|22|19-9|FC|
281|22|F-14A|FC|
282|22|F-14A|FD|
283|22|F-14B|FC|
284|22|F-14B|FD|
287|22|G-4|FC|
288|22|F-15|FC|
289|22|F-16|FC|
290|22|F-17|FD|
292|22|F-18|FD|
293|23|CO2|H|HD
294|23|CO2|H|TB
295|23|CO2|L|HD
296|23|CO2|L|TB
297|23|O2|H|
298|23|O2|L|
299|23|FLOW||F
300|23|FLOW||TR
301|23|FLOW||HD
302|23|NOX|H|TB
303|23|NOX|H|TR
304|23|NOX|H|OL
305|23|NOX|H|ME
306|23|NOX|H|HD
307|23|NOX|L|F
308|23|NOX|L|TR
309|23|NOX|L|HD
310|23|NOX|L|OL
311|23|NOX|L|PL
312|23|SO2|H|F
313|23|SO2|H|TR
314|23|SO2|H|HD
315|23|SO2|H|OL
316|23|SO2|L|F
317|23|SO2|L|OL
318|23|SO2|L|GS
319|23|SO2|L|HD
321|27|H2O|PM|
325|27|CO2R|LM|""
327|27|NOXR|LM|
331|27|SO2R|LM|
332|27|SO2R|F23|
335|27|MNGF|DM|
336|27|MNOF|DM|
337|27|CO2N|DC|
338|27|O2N|MD|
339|27|H2ON|MD|
340|27|H2OX|MD|
341|27|FLOX|MD|
342|27|MNHI|MD|
343|27|MNNX|MD|
344|27|SO2X|MD|
345|27|NOCX|MD|
346|27|NORX|MD|
347|28|CO2R|DEF|
348|28|CO2N|DEF|
349|28|CO2X|DATA|
350|28|CO2R|SAMP|
353|28|FLOX|DATA|
354|28|FLOX|TEST|
358|28|H2O|DEF|
359|28|H2O|APP|
360|28|H2ON|DATA|
361|28|H2ON|DEF|
362|28|H2OX|DATA|
363|28|H2OX|DEF|
364|28|MNGF|DATA|
365|28|MNOF|DATA|
366|28|MNHI|APP|
367|28|MNNX|APP|
368|28|NOCX|DATA|
369|28|NOCX|TEST|
370|28|NOCX|DEF|
371|28|NOXR|DEF|
372|28|NOXR|TEST|
373|28|NOXR|DATA|
374|28|NORX|DATA|
375|28|NORX|TEST|
376|28|NORX|DEF|
377|28|O2N|DATA|
380|28|O2X|DEF|
383|28|SO2R|CONT|
384|28|SO2R|SAMP|
385|28|SO2R|DEF|
387|28|SO2X|TEST|
388|28|SO2X|DEF|
389|28|SO2X|SAMP|
391|29|ANT|3|5
392|29|BT|6|8
393|29|SUB|8|12
394|29|LIG|11|13
395|29|W|13|15
396|30|SO2R|PNG|.0006
397|30|SO2R|NNG|.06
398|30|SO2R|OIL|2.1
399|30|SO2R|OOL|2.1
400|30|SO2R|DSL|.5
401|30|CO2R|NNG|.059
402|30|CO2R|PNG|.059
403|30|CO2R|OIL|.081
404|30|CO2R|OOL|.081
405|30|CO2R|DSL|.081
406|30|NOXR-BOILER|NNG|1.5
407|30|NOXR-BOILER|PNG|1.5
408|30|NOXR-BOILER|OOL|2
409|30|NOXR-BOILER|OIL|2
410|30|NOXR-BOILER|DSL|2
411|30|NOXR-TURBINE|NNG|.7
412|30|NOXR-TURBINE|PNG|.7
413|30|NOXR-TURBINE|OOL|1.2
414|30|NOXR-TURBINE|OIL|1.2
415|30|NOXR-TURBINE|DSL|1.2
416|8|HI|EXP|
417|16|HIT|BGFF|D-15
418|16|HIT|BOFF|D-15
419|16|HIT|OFFM|D-15
420|16|HIT|GFFM|D-15
436|16|CO2|O2B|F-11
437|16|CO2|O2B|F-2
438|16|CO2C|O2B|F-14A
439|16|CO2C|O2B|F-14B
440|16|HI|O2B|F-17
441|16|HI|O2B|F-18
472|11|CO2|FORMULA|
473|11|CO2C|FORMULA|
474|11|CO2M|FORMULA|
475|11|FC|FORMULA|
476|11|FD|FORMULA|
477|11|FGAS|FORMULA|
478|11|FLOW|FORMULA|
479|11|FOIL|FORMULA|
480|11|FW|FORMULA|
481|11|H2O|FORMULA|
482|11|HI|FORMULA|
483|11|HIT|FORMULA|
484|11|NOX|FORMULA|
485|11|NOXR|FORMULA|
486|11|OILM|FORMULA|
487|11|SO2|FORMULA|
488|11|SO2R|FORMULA|
489|16|HI|BOFF|F-19V
490|16|HI|OFFM|F-19V
491|33|7DAY|CO2|
492|33|7DAY|NOX|
493|33|7DAY|O2|
494|33|7DAY|FLOW|
495|33|7DAY|SO2|
496|33|APPE||NOXE
497|33|CYCLE||SO2
498|33|CYCLE||NOX
499|33|CYCLE||NOXC
500|33|CYCLE||CO2
501|33|CYCLE||O2
502|33|F2LCHK||FLOW
503|33|FF2LTST||OILM
504|33|FF2LTST||OILV
505|33|FF2LTST||GAS
506|33|FFACC|OFFM|
507|33|FFACC|BGFF|
508|33|FFACC|BOFF|
509|33|FFACC|GFFM|
510|33|FFACCTT|BGFF|
511|33|FFACCTT|BOFF|
512|33|FFACCTT|GFFM|
513|33|FFACCTT|OFFM|
514|33|LEAK|FLOW|
515|33|ONOFF|CO2|
516|33|ONOFF|NOX|
517|33|ONOFF|SO2|
518|33|ONOFF|FLOW|
519|33|ONOFF|O2|
520|33|RATA||SO2
521|33|RATA||NOX
522|33|RATA||NOXC
523|33|RATA||CO2
524|33|RATA||O2
525|33|RATA||H2O
526|33|RATA||FLOW
527|33|LINE|CO2|
528|33|LINE|NOX|
529|33|LINE|SO2|
530|33|LINE|O2|
531|33|RATA||NOXP
532|16|CO2||G-4A
534|16|CO2M||G-1
535|16|CO2M||G-2
536|16|CO2M||G-3
537|16|CO2M||G-5
538|16|CO2M||G-6
539|16|CO2M||G-8
540|16|FC||F-7B
541|16|FC||F-8
542|16|FD||F-7A
543|16|FD||F-8
544|16|FGAS||N-GAS
545|16|FLOW||X-FL
546|16|FOIL||N-OIL
547|16|FW||F-8
548|16|FW||19-14
550|16|HI||F-21A
551|16|HI||F-21B
552|16|HI||F-21C
553|16|HI||F-21D
554|16|HI||F-25
555|16|HI||D-15A
556|16|HI||SS-3A
557|16|HI||SS-3B
558|16|NOXR||E-2
559|16|NOX||F-24A
560|16|NOX||SS-2A
561|16|NOX||SS-2B
562|16|NOX||SS-2C
563|16|NOXR||NS-1
564|16|NOXR||NS-2
565|16|NOXR||19-3D
566|16|NOXR||19-5D
567|16|SO2||D-12
568|16|SO2||SS-1A
569|16|SO2||SS-1B
570|16|SO2||F-23
575|16|SO2R||D-1H
578|8|HIT|LTFCALC|
580|16|FLOW||T-FL
581|35|1|12.706|
582|35|2|4.303|
583|35|3|3.182|
584|35|4|2.776|
585|35|5|2.571|
586|35|6|2.447|
587|35|7|2.365|
588|35|8|2.306|
589|35|9|2.262|
590|35|10|2.228|
591|35|11|2.201|
592|35|12|2.179|
593|35|13|2.160|
594|35|14|2.145|
595|35|15|2.131|
596|35|16|2.120|
597|35|17|2.110|
598|35|18|2.101|
599|35|19|2.093|
600|35|20|2.086|
601|35|21|2.080|
602|35|22|2.074|
603|35|23|2.069|
604|35|24|2.064|
605|35|25|2.060|
606|35|26|2.056|
607|35|27|2.052|
608|35|28|2.048|
609|35|29|2.045|
610|35|30|2.042|
611|14|H2OM|NFS|
612|14|H2OT|NFS|
613|18|H2OM|PRB|
614|15|H2OM|H2O|Yes
616|15|H2O|O2|Yes
617|16|NOXR|O2B|19-1
618|16|NOXR|O2B|19-2
619|16|NOXR|O2B|19-3
620|16|NOXR|O2B|19-4
621|16|NOXR|O2B|19-5
622|16|NOXR|O2B|F-5
630|11|CO2M|METHOD|
631|11|SO2M|METHOD|
632|11|NOXM|METHOD|
640|27|SORX|MD|
641|27|O2X|DC|
642|27|CO2X|MD|
643|28|SO2R|APP|
644|28|SO2X|DATA|
645|28|SORX|DATA|
646|28|SORX|DEF|
647|28|SORX|SAMP|
648|28|SORX|TEST|
649|13|SO2|SORX|
650|11|HIT|METHOD|
652|11|CO2N|DEFAULT|
653|11|CO2R|DEFAULT|
654|11|CO2X|DEFAULT|
655|11|FLOX|DEFAULT|
656|11|H2O|DEFAULT|
657|11|H2ON|DEFAULT|
658|11|H2OX|DEFAULT|
659|11|MNGF|DEFAULT|
660|11|MNHI|DEFAULT|
661|11|MNNX|DEFAULT|
662|11|MNOF|DEFAULT|
663|11|NOCX|DEFAULT|
664|11|NORX|DEFAULT|
665|11|NOXR|DEFAULT|
666|11|O2N|DEFAULT|
667|11|O2X|DEFAULT|
668|11|SO2R|DEFAULT|
669|11|SO2X|DEFAULT|
671|29|NNG|14|18
672|29|PNG|14|18
673|37|LINE|PercentError|0.1
674|37|LINE|MeanDifferencePCT|0.1
675|37|LINE|MeanDifferencePPM|1
676|37|RATA|RelativeAccuracy|0.01
677|37|RATA|BAF|0.001
678|37|RATA|AverageGrossUnitLoad|1
679|37|RATA|MeanDifferencePCT|0.01
680|37|RATA|MeanDifferencePPM|0.1
681|37|RATA|MeanDifferenceRATE|0.001
682|37|RATA|MeanDifferenceSCFH|1
683|39|H2O|CC|
684|39|H2O|CT|
685|39|H2O|OT|
686|39|H2O|C|
687|39|H2O|T|
688|39|H2O|OB|
689|39|H2O|IGC|
690|39|LNB|DB|
692|39|LNB|DTF|
694|39|LNB|DVF|
695|39|LNBO|DVF|
696|39|LNB|OB|
697|39|LNBO|OB|
698|39|LNB|PRH|
699|39|LNBO|PRH|
700|39|LNC1|T|
701|39|LNC2|T|
702|39|LNC3|T|
703|39|LNCB|CB|
704|39|LNCB|DB|
705|39|DLNB|CC|
706|39|DLNB|CT|
707|39|DLNB|OT|
708|39|DLNB|IGC|
709|39|LNBO|DB|
710|39|LNBO|DFF|
725|41|800|COAL|
726|41|1600|COAL|
727|41|400|GAS|
728|41|480|GAS|
729|41|400|OIL|
730|41|400|OIL/GAS|
731|41|480|OIL|
732|41|480|OIL/GAS|
733|41|2000||KLN
734|41|200|GAS|PRH
735|41|500|OIL|PRH
736|41|500|OIL/GAS|PRH
737|41|460|COAL|T
738|41|460|COAL|CFB
739|41|675|COAL|DB
740|41|675|COAL|DTF
741|41|675|COAL|S
742|41|975|COAL|DVF
743|41|975|COAL|CB
744|41|975|COAL|AF
745|41|1200|COAL|WBF
746|41|1200|COAL|WBT
747|41|1200|COAL|C
748|41|380|GAS|T
749|41|380|OIL|T
750|41|380|OIL/GAS|T
751|41|600|GAS|DB
752|41|600|OIL|DB
753|41|600|OIL/GAS|DB
754|41|550|GAS|DVF
755|41|550|GAS|AF
756|41|550|OIL|DVF
757|41|550|OIL|AF
758|41|550|OIL/GAS|DVF
759|41|550|OIL/GAS|AF
760|41|200|OIL|CT
761|41|200|OIL/GAS|CT
762|41|150|NG|CT
769|37|7DAY|CalibrationError|0.1
770|37|7DAY|DifferencePPM|1
771|37|7DAY|DifferencePCT|0.1
772|37|F2LREF|AverageGrossUnitLoad|1
773|37|F2LREF|AverageReferenceMethodFlow|1000
774|37|F2LREF|ReferenceFlowLoadRatio|0.01
775|37|F2LREF|ReferenceGHR|1
776|53|SO2C|PPM|0.1
777|53|NOXC|PPM|0.1
778|53|FLOW|SCFH|1000
779|53|NOXR|LBMMBTU|0.005
780|53|CO2C|PCT|0.1
781|53|H2O|PCT|0.1
782|53|HI|MMBTUHR|1
783|53|SO2|LBHR|0.1
784|53|NOX|LBHR|0.1
785|53|CO2|TNHR|0.1
786|53|OILM|LBHR|0.5
787|18|CO2|PRB|
788|18|H2O|PRB|
789|18|O2|PRB|
790|18|NOX|PRB|
791|18|NOXC|PRB|
792|18|SO2|PRB|
794|37|RATA|StackArea (PCT)|0.5
796|54|AD|SPTS|
797|54|ADCALC|SPTS|
798|54|AE|SPTS|
799|54|CEMF23|SPTS|
800|54|CEMNOXR|SPTS|
801|54|CEM|SPTS|
802|54|CEM|FSP75|
803|54|CEM|FSP75C|
804|54|CEMF23|FSP75|
805|54|CEMF23|FSP75C|
806|54|CEMNOXR|FSP75|
807|54|CEMNOXR|FSP75C|
808|54|AMS|SPTS|
810|54|FSA|SPTS|
811|54|MMS|REV75|
812|54|MTB|REV75|
813|54|MWD|REV75|
814|54|PEM|SPTS|
815|54|PEM|FSP75|
816|54|PEM|FSP75C|
820|54|AMS|FSP75|
821|54|AMS|FSP75C|
822|54|AD|NLB|
823|54|ADCALC|NLB|
824|54|AD|NLBOP|
825|54|ADCALC|NLBOP|
826|54|AMS|NLB|
827|54|AMS|NLBOP|
828|54|CEM|NLB|
829|54|CEM|NLBOP|
830|54|CEMF23|NLB|
831|54|CEMF23|NLBOP|
832|54|CEMNOXR|NLB|
833|54|CEMNOXR|NLBOP|
834|54|FSA|NLB|
835|54|FSA|NLBOP|
836|54|LTFCALC|SPTS|
837|54|LTFF|SPTS|
838|54|PEM|NLB|
839|54|PEM|NLBOP|
842|54|CEM|OZN75|NOX
843|54|CEMNOXR|OZN75|NOX
844|54|CEM|OZN75|NOXR
845|54|AMS|OZN75|NOX
846|54|AMS|OZN75|NOXR
847|53|HI HPFF|MMBTUHR|0.1
848|53|SO2 Oil HPFF|LBHR|0.1
849|53|SO2 Gas HPFF|LBHR|0.0001
850|8|HIT|CALC|
851|37|7DAY|DifferenceINH2O|0
852|37|RATA|MolecularWeight|0.01
853|37|RATA|Velocity (PCT)|0.5
854|37|RATA|WAF|0.001
855|37|RATA|StackFlow (PCT)|0.5
856|39|LNBO|AF|
857|55|A|DEFAULT|
858|55|U|LME|
859|55|C|LME|
860|55|B|LME|
861|55|P|LME|
862|55|E|AE|
863|55|M|AE|
864|55|N|AE|
865|55|U|AE|
866|55|X|AE|
867|55|W|AE|
868|55|Y|AE|
869|55|Z|AE|
870|55|C|DEFAULT|
871|55|B|DEFAULT|
872|55|P|DEFAULT|
873|55|U|DEFAULT|
874|37|LINE|GasPercentOfSpan|2
875|37|7DAY|GasPercentOfSpan|5.0
876|37|CYCLE|GasPercentOfSpan|5.0
877|56|DSL - BTUBBL|420000|7560000
878|56|DSL - BTUGAL|10000|180000
879|56|DSL - BTUM3|2641729|47551117
880|56|DSL - BTUSCF|74806|1346499
881|56|OIL - BTUBBL|420000|8400000
882|56|OIL - BTUGAL|10000|200000
883|56|OIL - BTUM3|2641729|52834575
884|56|OIL - BTUSCF|74806|1496110
885|56|LPG - BTUHSCF|150000|475000
886|56|NNG - BTUHSCF|45000|350000
887|56|PNG - BTUHSCF|45000|235000
888|57|DSL - LBBBL|42|2100
889|57|DSL - LBGAL|1|50
890|57|DSL - LBM3|264|13209
891|57|DSL - LBSCF|7|374
892|57|OIL - LBBBL|42|2100
893|57|OIL - LBGAL|1|50
894|57|OIL - LBM3|264|13209
895|57|OIL - LBSCF|7|374
896|58|DSL|0|10
897|58|OIL|0|10
898|58|NNG|0|100
899|58|PNG|0|10
900|59|DSL - BTUBBL|4200000|6972000
901|59|DSL - BTUGAL|100000|166000
902|59|DSL - BTUM3|26417287|43852697
903|59|DSL - BTUSCF|748055|1241771
904|59|OIL - BTUBBL|4200000|6972000
905|59|OIL - BTUGAL|100000|166000
906|59|OIL - BTUM3|26417287|43852697
907|59|OIL - BTUSCF|748055|1241771
908|60|DSL - LBBBL|252|378
909|60|DSL - LBGAL|6|9
910|60|DSL - LBM3|1585|2378
911|60|DSL - LBSCF|45|67
912|60|OIL - LBBBL|294|420
913|60|OIL - LBGAL|7|10
914|60|OIL - LBM3|1849|2642
915|60|OIL - LBSCF|52|75
916|59|LPG - BTUHSCF|235000|395000
917|59|NNG - BTUHSCF|90000|115500
918|59|PNG - BTUHSCF|90000|115500
919|61|DSL|0|2
920|61|OIL|0|5
921|61|NNG|0|50
922|61|PNG|0|1
926|62|GAS|900|1600
927|62|OIL|1200|1800
928|63|1|MW|GAS,LTGS
929|63|2|KLBHR|GAS,LTGS
930|63|3|MW|OILM,OILV,LTOL
931|63|4|KLBHR|OILM,OILV,LTOL
932|63|5|MW|OILV,LTOL
933|63|6|KLBHR|OILV,LTOL
934|63|7|MMBTUHR|GAS,LTGS
935|63|8|MMBTUHR|OILM,OILV,LTOL
936|63|9|MMBTUHR|OILV,LTOL
937|63|BTUKBTU|MMBTUHR|
938|63|BTUKWH|MW|
939|63|BTULB|KLBHR|
940|37|APPE|HeatInputRate|0.1
941|18|OILM|TEMP|
942|18|OILV|TEMP|
943|18|LTOL|TEMP|
944|64|GAL|LBGAL|BTUGAL
945|64|M3|LBM3|BTUM3
946|64|SCF|LBSCF|BTUSCF
947|64|BBL|LBBBL|BTUBBL
948|37|APPE|OilMass|0.1
949|37|APPE|MeanReferenceValue|0.01
950|67|1|B|FLOW
951|67|10|C|CONC
952|67|11|B|CONC
953|67|2|B|CONC
954|67|3|B|FLOW
955|67|4|B|CONC
956|67|5|S|RATA
957|67|6|S|FLOW
958|67|7|S|FLOW
959|67|8|B|CONC
960|67|9|C|CONC
961|67|12|B|CONC
962|67|13|B|CONC
963|67|14|C|CONC
964|67|15|B|CEM
965|67|16|B|CONC
966|67|17|C|CONC
967|67|18|C|CEM
968|67|19|C|CONC
969|67|20|C|DAHS
970|67|21|C|DAHS
971|67|22|C|DAHS
972|67|23|C|DAHS
973|67|24|C|CEM
974|67|25|C|CEM
975|67|26|S|FLOW
976|67|27|B|FLOW
977|67|28|B|FLOW
978|67|51|C|FFM
979|67|52|C|FFM
980|67|53|C|FFM
981|67|54|C|FFM
982|67|55|S|FFM
983|67|56|C|FFM
984|67|57|C|FFM
985|67|75|S|NOXE
986|67|40|S|OP
987|67|42|S|OP
989|65|170|195|CONC
990|65|20|26|CEMNOXP
991|65|30|35|CONC
992|65|100|108|CONC
993|65|109||H2O
994|65|110|151|CONC
995|65|200||CEM
996|65|300|312|FLOW
997|65|400|410|FFM
998|65|501|504|NOXE
999|65|600|630|OP
1000|28|CO2N|DATA|
1001|28|O2X|DATA|
1002|28|H2O|DATA|
1003|71|HIT|MMBTU|50
1004|71|SO2M|TON|0.1
1005|71|NOXR|LBMMBTU|0.01
1006|71|NOXM|TON|0.1
1007|71|CO2M|TON|0.1
1008|71|OPHOURS|HR|1
1009|71|OPTIME|HR|0
1010|8|HI|AMS|O2
1011|8|HI|CEM|O2
1012|54|MMS|SPTS|
1013|54|MTB|SPTS|
1014|54|MWD|SPTS|
1015|65|160||H2O
1016|18|LTGS|GFFM|
1017|18|LTGS|BGFF|
1018|18|LTOL|OFFM|
1019|18|LTOL|BOFF|
1020|18|LTOL|TANK|
1021|41|150|NG|CC
1022|41|200|OIL|CC
1023|41|200|OIL/GAS|CC
1026|28|SO2R|PERM|
1027|73|FC|900|3000
1028|73|FD|8000|12000
1029|73|FW|9000|13000
1030|56|DSL - BTULB|200|177396
1031|56|OIL - BTULB|200|177396
1032|59|DSL - BTULB|11000|30000
1033|59|OIL - BTULB|9900|29000
1034|75|SULFUR|DSL|1.0
1035|75|SULFUR|OIL|3.5
1036|75|DENSOIL - LBGAL|DSL|7.4
1037|75|DENSOIL - LBGAL|OIL|8.5
1038|75|GCV - BTULB|DSL|20000
1039|75|GCV - BTULB|OIL|19500
1040|75|GCV - BTUHSCF|PNG|110000
1041|75|GCV - BTUHSCF|NNG|110000
1042|75|GCV - BTUHSCF|BUT|150000
1043|75|GCV - BTUHSCF|LFG|110000
1044|75|GCV - BTUHSCF|RFG|150000
1045|75|GCV - BTUHSCF||210000
1046|53|CO2M DAILY|TON|0.1
1047|11|MHHI|DEFAULT|
1048|11|BWA|DEFAULT|
1049|27|BWA|PM|
1050|27|MHHI|LM|
1051|28|MHHI|MAXD|
1052|28|MHHI|DATA|
1053|28|MHHI|APP|
1054|28|BWA|DATA|
1055|16|CO2|OFFM|G-4
1056|75|GCV - BTUGAL|DSL|148000
1057|75|GCV - BTUGAL|OIL|165750
1058|53|HIT|MMBTU|1
1059|53|NOXM|LB|0.1
1060|53|SO2M|LB|0.1
1061|53|CO2M|TON|0.1
1062|21|FUELFLOW||VCON
1063|67|80|S|NOXP
1064|67|81|S|NOXP
1066|54|LTFF|MHHI|
1067|54|LTFCALC|MHHI|
1084|8|HGRE|CEM|HG
1087|8|HGRH|CEM|HG
1094|15|HG|HG|Yes
1100|14|HG|NFS|
1101|14|ST|NFS|
1102|18|HG|PRB|
1105|21|TRAP||TRAP
1107|78|E|HG|
1108|78|O|HG|
1109|78|SBP|SO2|
1110|78|SBP|NOX|
1111|78|SBP|CO2|
1112|78|BBP|SO2|
1113|78|BBP|NOX|
1114|78|MBP|SO2|
1115|78|MBP|NOX|
1116|78|MBP|CO2|
1117|78|SRM||
1118|78|PRM||
1119|78|NTRM||
1120|78|RGM||
1121|78|GMIS||
1123|21|GFM|D|TRAP
1125|37|LINE|MeanDifferenceUGSCM|0.1
1126|37|RATA|MeanDifferenceUGSCM|0.1
1127|37|7DAY|DifferenceUGSCM|0.1
1128|18|PM|PRB|
1129|15|PM|PM|Yes
1130|37|GFMCAL|PercentCalibrationChange|0.1
1134|65|800||CEM
1136|53|FOIL|""|0.1
1139|80|LINE|2|
1140|80|LINE|4|
1141|80|LINE|8|
1142|80|LINE|11|
1143|80|LINE|12|
1144|80|LINE|17|
1145|80|7DAY|1|
1146|80|7DAY|2|
1147|80|7DAY|3|
1148|80|7DAY|4|
1149|80|7DAY|10|
1150|80|7DAY|11|
1151|80|7DAY|13|
1152|80|7DAY|14|
1153|80|7DAY|15|
1154|80|7DAY|18|
1155|80|7DAY|25|
1156|80|APPE|75|
1157|80|CYCLE|2|
1158|80|CYCLE|4|
1159|80|CYCLE|12|
1160|80|CYCLE|14|
1161|80|CYCLE|16|
1162|80|CYCLE|17|
1163|80|CYCLE|19|
1164|80|DAHS|20|
1165|80|DAHS|22|
1166|80|DAHS|21|
1167|80|DAHS|23|
1169|80|FFACC|51|
1170|80|FFACCTT|52|
1171|80|FFACCTT|53|
1172|80|FFACCTT|56|
1173|80|HGLME|77|
1179|80|LINE|9|
1180|80|LINE|10|
1181|80|ONOFF|24|
1182|80|ONOFF|25|
1183|80|PEI|52|
1184|80|PEI|54|
1185|80|PEI|56|
1186|80|PEI|57|
1187|80|DAHS|4|
1188|80|DAHS|3|
1189|80|CYCLE|13|
1190|80|UNITDEF|76|
1191|80|RATA|2|
1192|80|RATA|4|
1193|80|RATA|5|
1194|80|RATA|8|
1195|80|RATA|11|
1196|80|RATA|12|
1197|80|RATA|13|
1198|80|RATA|15|
1199|80|RATA|16|
1200|80|7DAY|27|
1201|80|RATA2|7|
1202|80|RATA3|1|
1203|80|RATA3|6|
1204|80|RATA3|27|
1205|80|LEAK|28|
1206|81|1|3|DAHS
1208|81|5|10|RATA
1209|81|5||LINE
1210|81|15||DAHS
1211|81|30|51|LINE
1215|81|20|26|RATA
1216|81|40|51|RATA
1217|81|40||7DAY
1218|81|51||7DAY
1219|81|100|101|RATA
1220|81|100|102|LINE
1221|81|100|101|7DAY
1222|81|101||CYCLE
1223|81|105||RATA
1227|81|106|107|LINE
1228|81|108|130|RATA
1229|81|108||7DAY
1230|81|120|125|LINE
1231|81|120|125|7DAY
1232|81|120|125|CYCLE
1233|81|140|151|LINE
1234|81|160||RATA
1235|81|170|185|LINE
1236|81|185||CYCLE
1237|81|185||RATA
1238|81|185||7DAY
1239|81|195||RATA
1240|81|195||7DAY
1241|81|200||RATA
1242|81|300|301|RATA
1243|81|300||7DAY
1244|81|305||RATA
1245|81|305||7DAY
1246|81|311||RATA
1247|81|400||FFACC
1248|81|401||FFACCTT
1249|81|402|403|PEI
1250|81|405|410|FFACC
1251|81|501|504|APPE
1252|81|700||UNITDEF
1253|81|800||LINE
1254|81|800||RATA
1255|81|900||RATA
1256|81|950||HGLME
1257|80|RATA|80|
1258|80|PEMSACC|81|
1259|83|20||
1262|83|25||
1263|83|26||
1265|83|40||
1267|83|125||
1268|83|305|RATA|
1272|65|250|255|NOXP
1273|81|250|251|RATA
1274|81|254|255|RATA
1275|67|82|S|NOXP
1277|81|252||PEMSACC
1278|80|RATA3|3|
1279|83|250|RATA|
1280|78|ZAM|O2|
1281|78|SBP|O2|
1282|28|NOCX|PERM|
1283|28|NORX|PERM|
1285|28|NORX|MAXD|
1286|14|PM|NFS|
1287|21|CONC|D|DOD
1288|39|LNBO|DTF|
1289|37|GFMCAL|CalibrationFactorY|0.001
1290|78|SIA|O2|
1291|41|200|GAS|CC
1292|41|200|GAS|CT
1293|53|CARBON|LB|0.1
1294|81|191|195|LINE
1295|65|1|3|DAHS
1296|65|15||DAHS
1297|65|5||CONC
1298|65|10||NOX
1299|85|CO2|CO2,CO2M|CO2 (or CO2M for an LME Unit)
1301|85|HI|HI,HIT|HI (or HIT for an LME Unit)
1305|85|NOXR|NOXM,NOXR|NOXR (or NOXM for an LME Unit)
1307|85|OP|OP|OP
1308|85|SO2|SO2,SO2M|SO2 (or SO2M for an LME Unit)
1310|86|CO2|CS,CP|MS,MP
1312|86|HI|CS,CP|MS,MP
1314|86|NOX|CS,CP|MS,MP
1316|86|NOXR|CS,CP|MS,MP
1318|86|OP|CS|MS
1319|86|SO2|CS,CP|MS,MP
1321|89|OP|LME|
1322|85|H2O|H2O|H2O
1324|91|CO2|CRIT1|
1325|91|HI|CRIT1|
1326|91|NOX|CRIT1|
1327|91|NOXR|CRIT1|
1328|91|OP|NONCRIT|
1329|91|SO2|CRIT1|
1330|92|CO2|APPVD,CO2,GMIS,N2C2,N2CC,NC2,NCC,NTRM,NXC2,NXCC,OC2,OCC,PRM,RGM,SC2,SN2C2,SN2CC,SNC2,SNCC,SNXC2,SNXCC,SRM,ZERO|
1331|92|DIL|AIR,APPVD,CO2,GMIS,N2C2,N2CC,NC2,NCC,NXC2,NTRM,NXCC,O2,OC,OC2,OCC,PRM,RGM,SC2,SN2C2,SN2CC,SNC2,SNCC,SNXC2,SNXCC,SO,SOC,SRM,ZERO|
1332|92|SO2|APPVD,GMIS,NTRM,PRM,RGM,SC,SC2,SN,SN2,SN2C,SN2C2,SN2CC,SNC,SNC2,SNCC,SNX,SNXC,SNXC2,SNXCC,SO,SO2,SOC,SRM,ZERO|
1333|92|O2|AIR,APPVD,GMIS,NTRM,O2,OC,OC2,OCC,PRM,RGM,SO,SOC,SRM,ZERO|
1334|92|NOX|APPVD,GMIS,N2C,N2C2,N2CC,NC,NC2,NCC,NO,NO2,NOX,NTRM,NX,NXC,NXC2,NXCC,PRM,RGM,SN,SN2,SN2C,SN2C2,SN2CC,SNC,SNC2,SNCC,SNX,SNXC,SNXC2,SNXCC,SRM,ZERO|
1335|71|CO2M-OLD|TON|200
1336|80|AF2LCHK|26|
1337|80|AF2LCHK|28|
1338|56|PNG - BTUSCF|450|2350
1339|59|PNG - BTUSCF|900|1500
1340|21|MS||
1341|18|GAS|MS|
1342|18|LTGS|MS|
1343|81|300||LEAK
1344|81|302||LEAK
1345|81|310||LEAK
1349|67|29|B|FLOW
1350|80|LEAK|29|
1351|80|LEAK|15|
1352|80|LEAK|27|
1354|15|HCL|HCL|Yes
1355|15|HF|HF|Yes
1356|15|ST|STRAIN|Yes
1357|8|HGRE|CEMST|HG
1358|8|HGRE|ST|ST
1359|8|HGRH|CEMST|HG
1360|8|HGRH|ST|ST
1362|85|HF|HFRE,HFRH,MATSSUP|HFRE (or HFRH version for heat input based method or HF Supplemental Method)
1364|86|HCL|CS|MS
1365|86|HF|CS|MS
1366|86|HG|CS|MS
1367|91|HCL|INFORM|
1368|91|HF|INFORM|
1369|91|HG|INFORM|
1370|11|HCLRE|FORMULA|
1371|11|HCLRH|FORMULA|
1372|11|HFRE|FORMULA|
1373|11|HFRH|FORMULA|
1374|11|SO2RE|FORMULA|
1375|11|SO2RH|FORMULA|
1376|11|HCLRE|METHOD|
1377|11|HCLRH|METHOD|
1378|11|HFRE|METHOD|
1379|11|HFRH|METHOD|
1380|8|HCLRE|CEM|HCL
1381|8|HCLRH|CEM|HCL
1382|8|HFRE|CEM|HF
1383|8|HFRH|CEM|HF
1384|8|SO2RE|CEM|SO2
1385|8|SO2RH|CEM|SO2
1386|11|SO2RE|METHOD|
1387|11|SO2RH|METHOD|
1388|11|HGRE|FORMULA|
1389|11|HGRE|METHOD|
1390|11|HGRH|METHOD|
1391|11|HGRH|FORMULA|
1392|23|HG|H|FS
1393|8|HGRE|CEMST|ST
1394|8|HGRH|CEMST|ST
1395|23|HG|H|TB
1396|23|HG|H|TR
1399|16|HGRE|HGD|A-3
1400|16|HGRE|HGW|A-2
1401|16|CO2|CO2W|F-11
1403|16|HI|O2B|F-17
1404|16|HGRH|HGW|19-2
1405|16|HGRH|HGW|19-3
1406|16|HGRH|HGW|19-4
1407|16|CO2M||G-1
1408|16|HGRH|HGW|19-8
1409|16|HGRH|HGD|19-1
1410|16|CO2M||G-5
1411|16|HGRH|HGD|19-6
1412|16|HGRH|HGD|19-9
1413|16|HGRH|STRAIND|19-1
1414|16|HGRH|STRAIND|19-5
1415|16|HGRH|STRAIND|19-9
1416|16|HGRH|STRAIND|19-6
1417|16|HGRH|CO2D|19-6
1418|16|SO2|GFFM|D-4
1419|16|HGRH|O2D|19-1
1420|16|HGRH|O2D|19-4
1421|16|HGRH|O2W|19-2
1422|16|HGRH|O2W|19-3
1423|16|HGRH|O2W|19-5
1424|16|HGRH|CO2W|19-7
1425|16|HGRH|CO2W|19-9
1426|16|HGRH|O2B|19-1
1427|16|HGRH|O2B|19-2
1428|16|HGRH|O2B|19-3
1429|16|HGRH|O2B|19-4
1430|16|HGRH|O2B|19-5
1434|17|HCL|HCLRE|HCLRE/CEM
1435|17|HCL|HCLRH|HCLRH/CEM
1436|17|HF|HFRE|HFRE/CEM
1438|17|HF|HFRH|HFRH/CEM
1439|17|HG|HGRE|HGRE/CEM
1440|17|ST|HGRE|HGRE/ST
1441|17|ST|HGRH|HGRH/ST
1442|16|HGRE|STRAIND|A-3
1443|16|HCLRE|HCLD|HC-3
1445|16|HFRE|HFW|HF-2
1446|16|HFRE|HFD|HF-3
1447|16|HCLRE|HCLW|HC-2
1448|16|SO2RE|SO2W|S-2
1449|16|SO2RE|SO2D|S-3
1450|16|HGRH|HGD|19-5
1451|16|HGRH|HGW|19-7
1452|17|HG|HGRH|HGRH/CEM
1453|17|HG|HGRE|HGRE/CEMST
1454|17|HG|HGRH|HGRH/CEMST
1455|17|ST|HGRE|HGRE/CEMST
1456|17|ST|HGRH|HGRH/CEMST
1457|16|HCLRH|HCLD|19-1
1458|16|HCLRH|HCLD|19-5
1459|16|HCLRH|HCLD|19-6
1460|16|HCLRH|HCLD|19-9
1461|16|HCLRH|HCLW|19-2
1462|16|HCLRH|HCLW|19-3
1463|16|HCLRH|HCLW|19-4
1464|16|HCLRH|HCLW|19-7
1465|16|HCLRH|HCLW|19-8
1466|16|HFRH|HFD|19-1
1467|16|HFRH|HFD|19-5
1468|16|HFRH|HFD|19-6
1469|16|HFRH|HFD|19-9
1470|16|HFRH|HFW|19-2
1471|16|HFRH|HFW|19-3
1472|16|HFRH|HFW|19-4
1473|16|HFRH|HFW|19-7
1474|16|HFRH|HFW|19-8
1475|16|SO2RH|SO2D|19-1
1476|16|SO2RH|SO2D|19-5
1477|16|SO2RH|SO2D|19-6
1478|16|SO2RH|SO2D|19-9
1479|16|SO2RH|SO2W|19-2
1480|16|SO2RH|SO2W|19-3
1481|16|SO2RH|SO2W|19-4
1482|16|SO2RH|SO2W|19-7
1483|16|SO2RH|SO2W|19-8
1484|16|HGRH|CO2D|19-8
1485|16|SO2RH|CO2D|19-6
1486|16|SO2RH|CO2D|19-8
1487|16|SO2RH|CO2W|19-7
1488|16|SO2RH|CO2W|19-9
1489|16|SO2RH|O2B|19-1
1490|16|SO2RH|O2B|19-3
1491|16|SO2RH|O2B|19-2
1492|16|SO2RH|O2B|19-4
1493|16|SO2RH|O2B|19-5
1494|16|SO2RH|O2D|19-1
1495|16|SO2RH|O2D|19-4
1496|16|SO2RH|O2W|19-2
1497|16|SO2RH|O2W|19-3
1498|16|SO2RH|O2W|19-5
1499|16|HCLRH|CO2D|19-6
1500|16|HCLRH|CO2D|19-8
1501|16|HCLRH|CO2W|19-7
1502|16|HCLRH|CO2W|19-9
1503|16|HCLRH|O2B|19-1
1504|16|HCLRH|O2B|19-2
1505|16|HCLRH|O2B|19-3
1506|16|HCLRH|O2B|19-4
1507|16|HCLRH|O2B|19-5
1508|16|HCLRH|O2D|19-1
1509|16|HCLRH|O2D|19-4
1510|16|HCLRH|O2W|19-2
1511|16|HCLRH|O2W|19-3
1512|16|HCLRH|O2W|19-5
1513|16|HGRH|CO2D|19-6
1514|16|HFRH|CO2D|19-6
1515|16|HFRH|CO2D|19-8
1516|16|HFRH|CO2W|19-7
1517|16|HFRH|CO2W|19-9
1518|16|HFRH|O2B|19-1
1519|16|HFRH|O2B|19-2
1520|16|HFRH|O2B|19-3
1521|16|HFRH|O2B|19-3
1522|16|HFRH|O2B|19-4
1523|16|HFRE|O2B|19-5
1524|16|HFRH|O2D|19-1
1525|16|HFRH|O2D|19-4
1526|16|HFRH|O2W|19-2
1527|16|HFRH|O2W|19-3
1528|16|HFRH|O2W|19-5
1529|94|F-23|SO2|CEMF23
1530|94|F-23|SO2|F23
1531|94|F-24A|NOX|CEMNOXR
1532|94|F-24A|NOX|NOXR
1533|94|G-1|CO2M|FSA
1534|94|G-2|CO2M|FSA
1535|94|G-3|CO2M|FSA
1536|94|G-5|CO2M|FSA
1537|94|G-6|CO2M|FSA
1538|94|G-8|CO2M|FSA
1539|95|G-2|C|
1540|95|G-3|C|
1541|37|HGLINE|GasPercentOfSpan|2
1542|37|HGLINE|MeanDifferencePCT|0.1
1543|37|HGLINE|MeanDifferenceUGSCM|0.1
1544|37|HGLINE|PercentError|0.1
1545|37|HGSI3|GasPercentOfSpan|2
1546|37|HGSI3|MeadDifferencePCT|0.1
1547|37|HGSI3|MeanDifferenceUGSCM|0.1
1548|37|HGSI3|PercentError|0.1
1549|21|STRAIN|D|ADSP
1550|96|HG|LEE|
1551|96|HF|LEE|
1552|96|HF|QST|
1553|96|HF|PMO|
1554|96|TM|LEE|
1556|96|HCL|LEE|
1557|96|HCL|QST|
1558|96|HCL|PMO|
1559|96|TM|QST|
1560|96|TM|PMQST|
1561|96|TM|PMCEMS|
1562|96|TM|PMCPMS|
1563|96|TM|CEMS|
1564|96|TNHGM|LEE|
1565|96|TNHGM|QST|
1566|96|TNHGM|PMQST|
1567|96|TNHGM|PMCEMS|
1568|96|TNHGM|PMCPMS|
1569|96|TNHGM|CEMS|
1570|96|IM|LEE|
1571|96|IM|QST|
1572|96|IM|LEST|
1573|96|IM|CEMS|
1574|96|INHGM|LEE|
1575|96|INHGM|QST|
1576|96|INHGM|LEST|
1577|96|INHGM|CEMS|
1578|96|LU|NA|
1579|14|HCL|NFS|
1580|14|HF|NFS|
1581|83|27||
1582|18|HCL|PRB|
1583|18|HF|PRB|
1584|16|SO2RH||19-3D
1585|16|SO2RH||19-5D
1586|16|HGRH||19-3D
1587|16|HGRH||19-5D
1588|16|HCLRH||19-3D
1589|16|HCLRH||19-5D
1590|16|HFRH||19-3D
1591|16|HFRH||19-5D
1592|97|HCLRE|HCLRH|
1593|97|HCLRH|HCLRE|
1594|97|HFRE|HFRH|
1595|97|HFRH|HFRE|
1596|97|HGRE|HGRH|
1597|97|HGRH|HGRE|
1598|97|SO2RE|SO2RH|
1599|97|SO2RH|SO2RE|
1600|80|RATA|30|
1601|80|RATA|31|
1602|80|RATA|32|
1603|80|RATA|33|
1604|80|LINE|30|
1605|80|LINE|31|
1606|80|LINE|32|
1607|80|LINE|33|
1608|23|HCL|H|OL
1609|67|30|B|CONC
1610|67|31|B|CONC
1611|67|32|B|CONC
1612|67|33|B|CONC
1613|67|34|C|CONC
1614|67|35|C|CONC
1615|67|36|B|CONC
1616|80|LINE|34|
1620|16|HGRE||MS-1
1621|16|HCLRE||MS-1
1622|16|HFRE||MS-1
1623|16|SO2RE||MS-1
1624|16|HGRH||MS-1
1625|16|HCLRH||MS-1
1626|16|HFRH||MS-1
1627|16|SO2RH||MS-1
1629|8|HGRE|CALC|
1630|8|HCLRE|CALC|
1631|8|HFRE|CALC|
1632|8|SO2RE|CALC|
1633|8|HGRH|CALC|
1634|8|HCLRH|CALC|
1635|8|HFRH|CALC|
1636|8|SO2RH|CALC|
1637|17|SO2|SO2RE|SO2RE/CEM
1638|17|SO2|SO2RH|SO2RH/CEM
1639|17|SO2|SO2|SO2/CEM
1640|17|SO2|SO2|SO2/CEMF23
1641|53|LOAD|MW|1
1642|16|HCLRE||MS-2
1643|16|HFRE||MS-2
1644|16|HGRE||MS-2
1645|16|SO2RE||MS-2
1646|37|RATA|ConfidenceCoefficientUGSCM|0.1
1647|98|CO2|SPAN|
1648|98|FLOW|SPAN|
1649|98|HCL|SPAN|
1650|98|HG|SPAN|
1651|98|NOX|SPAN|
1652|98|O2|SPAN|
1653|98|SO2|SPAN|
1654|99|CO2|PCT|
1655|99|FLOW|ACFH|
1656|99|FLOW|ACFM|
1657|99|FLOW|AFPM|
1658|99|FLOW|AFSEC|
1659|99|FLOW|AMSEC|
1660|99|FLOW|INH2O|
1661|99|FLOW|KACFH|
1662|99|FLOW|KACFM|
1663|99|FLOW|KAFPM|
1664|99|FLOW|KSCFH|
1665|99|FLOW|KSCFM|
1666|99|FLOW|KSFPM|
1667|99|FLOW|MACFH|
1668|99|FLOW|MSCFH|
1669|99|FLOW|SCFH|
1670|99|FLOW|SCFM|
1671|99|FLOW|SFPM|
1672|99|FLOW|SMSEC|
1673|99|HCL|PPM|
1674|99|HG|UGSCM|
1675|99|NOX|PPM|
1676|99|O2|PCT|
1677|99|SO2|PPM|
1678|98|BGFF|COMPONENT|
1679|98|BOFF|COMPONENT|
1680|98|CALR|COMPONENT|
1681|98|CO2|COMPONENT|
1682|98|DAHS|COMPONENT|
1683|98|DL|COMPONENT|
1684|98|DP|COMPONENT|
1685|98|FLC|COMPONENT|
1686|98|FLOW|COMPONENT|
1687|98|GCH|COMPONENT|
1688|98|GFFM|COMPONENT|
1689|98|H2O|COMPONENT|
1690|98|HCL|COMPONENT|
1691|98|HF|COMPONENT|
1692|98|HG|COMPONENT|
1693|98|MS|COMPONENT|
1694|98|NOX|COMPONENT|
1695|98|O2|COMPONENT|
1696|98|OFFM|COMPONENT|
1697|98|OP|COMPONENT|
1698|98|PLC|COMPONENT|
1699|98|PRB|COMPONENT|
1700|98|PRES|COMPONENT|
1701|98|SO2|COMPONENT|
1702|98|STRAIN|COMPONENT|
1703|98|TANK|COMPONENT|
1704|98|TEMP|COMPONENT|
1705|21|HG|W|DIL
1706|21|HG|W|DIN
1707|21|HG|W|DOU
1708|21|HG|W|IS
1709|21|HG|W|ISC
1710|21|HG|D|EXT
1711|21|HG|W|WXT
1712|21|HG|W|ISP
1713|21|HG|W|O
1714|21|HG|D|O
1715|21|HG|D|DOD
1716|21|SO2|W|DIL
1717|21|SO2|W|DIN
1718|21|SO2|W|DOU
1719|21|SO2|W|IS
1720|21|SO2|W|ISC
1721|21|SO2|D|EXT
1722|21|SO2|W|WXT
1723|21|SO2|W|ISP
1724|21|SO2|W|O
1725|21|SO2|D|O
1726|21|SO2|D|DOD
1727|21|NOX|W|DIL
1728|21|NOX|W|DIN
1729|21|NOX|W|DOU
1730|21|NOX|W|IS
1731|21|NOX|W|ISC
1732|21|NOX|D|EXT
1733|21|NOX|W|WXT
1734|21|NOX|W|ISP
1735|21|NOX|W|O
1736|21|NOX|D|O
1737|21|NOX|D|DOD
1738|21|CO2|W|DIL
1739|21|CO2|W|DIN
1740|21|CO2|W|DOU
1741|21|CO2|W|IS
1742|21|CO2|W|ISC
1743|21|CO2|D|EXT
1744|21|CO2|W|WXT
1745|21|CO2|W|ISP
1746|21|CO2|W|O
1747|21|CO2|D|O
1748|21|CO2|D|DOD
1749|21|O2|W|DIL
1750|21|O2|W|DIN
1751|21|O2|W|DOU
1752|21|O2|W|IS
1753|21|O2|W|ISC
1754|21|O2|D|EXT
1755|21|O2|W|WXT
1756|21|O2|W|ISP
1757|21|O2|W|O
1758|21|O2|D|O
1759|21|O2|D|DOD
1760|21|PRB|W|DIL
1761|21|PRB|W|DIN
1762|21|PRB|W|DOU
1763|21|PRB|W|IS
1764|21|PRB|W|ISC
1765|21|PRB|D|EXT
1766|21|PRB|W|WXT
1767|21|PRB|W|ISP
1768|21|PRB|W|O
1769|21|PRB|D|O
1770|21|PRB|D|DOD
1771|21|HCL|W|DIL
1772|21|HCL|W|DIN
1773|21|HCL|W|DOU
1774|21|HCL|W|IS
1775|21|HCL|W|ISC
1776|21|HCL|D|EXT
1777|21|HCL|W|WXT
1778|21|HCL|W|ISP
1779|21|HCL|W|O
1780|21|HCL|D|O
1781|21|HCL|D|DOD
1782|21|HF|W|DIL
1783|21|HF|W|DIN
1784|21|HF|W|DOU
1785|21|HF|W|IS
1786|21|HF|W|ISC
1787|21|HF|D|EXT
1788|21|HF|W|WXT
1789|21|HF|W|ISP
1790|21|HF|W|O
1791|21|HF|D|O
1792|21|HF|D|DOD
1793|21|PM|W|DIL
1794|21|PM|W|DIN
1795|21|PM|W|DOU
1796|21|PM|W|IS
1797|21|PM|W|ISC
1798|21|PM|D|EXT
1799|21|PM|W|WXT
1800|21|PM|W|ISP
1801|21|PM|W|O
1802|21|PM|D|O
1803|21|PM|D|DOD
1804|21|BGFF||COR
1805|21|BGFF||DP
1806|21|BGFF||NOZ
1807|21|BGFF||ORF
1808|21|BGFF||O
1809|21|BGFF||T
1810|21|BGFF||TUR
1811|21|BGFF||VEN
1812|21|BGFF||VTX
1813|21|BGFF||PDP
1814|21|BGFF||U
1815|21|BGFF||VCON
1816|21|BOFF||COR
1817|21|BOFF||DP
1818|21|BOFF||NOZ
1819|21|BOFF||ORF
1820|21|BOFF||O
1821|21|BOFF||T
1822|21|BOFF||TUR
1823|21|BOFF||VEN
1824|21|BOFF||VTX
1825|21|BOFF||PDP
1826|21|BOFF||U
1827|21|BOFF||VCON
1828|21|GFFM||COR
1829|21|GFFM||DP
1830|21|GFFM||NOZ
1831|21|GFFM||ORF
1832|21|GFFM||O
1833|21|GFFM||T
1834|21|GFFM||TUR
1835|21|GFFM||VEN
1836|21|GFFM||VTX
1837|21|GFFM||PDP
1838|21|GFFM||U
1839|21|GFFM||VCON
1840|21|OFFM||COR
1841|21|OFFM||DP
1842|21|OFFM||NOZ
1843|21|OFFM||ORF
1844|21|OFFM||O
1845|21|OFFM||T
1846|21|OFFM||TUR
1847|21|OFFM||VEN
1848|21|OFFM||VTX
1849|21|OFFM||PDP
1850|21|OFFM||U
1851|21|OFFM||VCON
1852|21|DP||COR
1853|21|DP||DP
1854|21|DP||NOZ
1855|21|DP||ORF
1856|21|DP||O
1857|21|DP||T
1858|21|DP||TUR
1859|21|DP||VEN
1860|21|DP||VTX
1861|21|DP||PDP
1862|21|DP||U
1863|21|DP||VCON
1864|21|TEMP||COR
1865|21|TEMP||DP
1866|21|TEMP||NOZ
1867|21|TEMP||ORF
1868|21|TEMP||O
1869|21|TEMP||T
1870|21|TEMP||TUR
1871|21|TEMP||VEN
1872|21|TEMP||VTX
1873|21|TEMP||PDP
1874|21|TEMP||U
1875|21|TEMP||VCON
1876|21|PRES||COR
1877|21|PRES||DP
1878|21|PRES||NOZ
1879|21|PRES||ORF
1880|21|PRES||O
1881|21|PRES||T
1882|21|PRES||TUR
1883|21|PRES||VEN
1884|21|PRES||VTX
1885|21|PRES||PDP
1886|21|PRES||U
1887|21|PRES||VCON
1888|21|FLC||COR
1889|21|FLC||DP
1890|21|FLC||NOZ
1891|21|FLC||ORF
1892|21|FLC||O
1893|21|FLC||T
1894|21|FLC||TUR
1895|21|FLC||VEN
1896|21|FLC||VTX
1897|21|FLC||PDP
1898|21|FLC||U
1899|21|FLC||VCON
1900|21|GCH||COR
1901|21|GCH||DP
1902|21|GCH||NOZ
1903|21|GCH||ORF
1904|21|GCH||O
1905|21|GCH||T
1906|21|GCH||TUR
1907|21|GCH||VEN
1908|21|GCH||VTX
1909|21|GCH||PDP
1910|21|GCH||U
1911|21|GCH||VCON
1912|21|MS||COR
1913|21|MS||DP
1914|21|MS||NOZ
1915|21|MS||ORF
1916|21|MS||O
1917|21|MS||T
1918|21|MS||TUR
1919|21|MS||VEN
1920|21|MS||VTX
1921|21|MS||PDP
1922|21|MS||U
1923|21|MS||VCON
1924|21|CALR||COR
1925|21|CALR||DP
1926|21|CALR||NOZ
1927|21|CALR||ORF
1928|21|CALR||O
1929|21|CALR||T
1930|21|CALR||TUR
1931|21|CALR||VEN
1932|21|CALR||VTX
1933|21|CALR||PDP
1934|21|CALR||U
1935|21|CALR||VCON
1093|11|AKSF||
670|11|SORX||
1936|100|CO2N|PCT|
1937|100|CO2X|PCT|
1938|100|H2O|PCT|
1939|100|H2ON|PCT|
1940|100|H2OX|PCT|
1941|100|O2N|PCT|
1942|100|O2X|PCT|
1943|100|MNNX|LBMMBTU|
1944|100|NOXR|LBMMBTU|
1945|100|SO2R|LBMMBTU|
1946|100|NORX|LBMMBTU|
1947|100|MNHI|MMBTUHR|
1948|100|MHHI|MMBTUHR|
1949|100|CO2R|TNMMBTU|
1950|100|MNOF|SCFH|
1951|100|MNOF|GALHR|
1952|100|MNOF|BBLHR|
1953|100|MNOF|M3HR|
1954|100|MNOF|LBHR|
1955|100|FLOX|SCFH|
1956|100|SO2X|PPM|
1957|100|NOCX|PPM|
1958|100|MNGF|HSCF|
1959|101|CO2N|DC|
1960|101|CO2X|MD|
1961|101|H2O|PM|
1962|101|H2ON|MD|
1963|101|H2OX|MD|
1964|101|O2N|MD|
1965|101|O2X|DC|
1966|101|MNNX|MD|
1967|101|NOXR|LM|
1970|101|NORX|MD|
1971|101|MNHI|MD|
1972|101|MHHI|LM|
1973|101|CO2R|LM|
1974|101|MNOF|DM|
1975|101|FLOX|MD|
1976|101|SO2X|MD|
1977|101|NOCX|MD|
1978|101|MNGF|DM|
1979|101|BWA|PM|
1980|102|CO2N|NFS|
1981|102|CO2X|BFG|
1982|102|CO2X|BUT|
1983|102|CO2X|C|
1984|102|CO2X|CDG|
1985|102|CO2X|COG|
1986|102|CO2X|CRF|
1987|102|CO2X|DGG|
1988|102|CO2X|DSL|
1989|102|CO2X|LFG|
1990|102|CO2X|LPG|
1991|102|CO2X|MIX|
1992|102|CO2X|NNG|
1993|102|CO2X|OGS|
1994|102|CO2X|OIL|
1995|102|CO2X|OOL|
1996|102|CO2X|OSF|
1997|102|CO2X|PDG|
1998|102|CO2X|PNG|
1999|102|CO2X|PRG|
2000|102|CO2X|PRP|
2001|102|CO2X|PRS|
2002|102|CO2X|PTC|
2003|102|CO2X|R|
2004|102|CO2X|RFG|
2005|102|CO2X|SRG|
2006|102|CO2X|TDF|
2007|102|CO2X|W|
2008|102|CO2X|WL|
2009|102|H2O|NFS|
2010|102|H2ON|BFG|
2011|102|H2ON|BUT|
2012|102|H2ON|C|
2013|102|H2ON|CDG|
2014|102|H2ON|COG|
2015|102|H2ON|CRF|
2016|102|H2ON|DGG|
2017|102|H2ON|DSL|
2018|102|H2ON|LFG|
2019|102|H2ON|LPG|
2020|102|H2ON|MIX|
2021|102|H2ON|NNG|
2022|102|H2ON|OGS|
2023|102|H2ON|OIL|
2024|102|H2ON|OOL|
2025|102|H2ON|OSF|
2026|102|H2ON|PDG|
2027|102|H2ON|PNG|
2028|102|H2ON|PRG|
2029|102|H2ON|PRP|
2030|102|H2ON|PRS|
2031|102|H2ON|PTC|
2032|102|H2ON|R|
2033|102|H2ON|RFG|
2034|102|H2ON|SRG|
2035|102|H2ON|TDF|
2036|102|H2ON|W|
2037|102|H2ON|WL|
2038|102|H2OX|BFG|
2039|102|H2OX|BUT|
2040|102|H2OX|C|
2041|102|H2OX|CDG|
2042|102|H2OX|COG|
2043|102|H2OX|CRF|
2044|102|H2OX|DGG|
2045|102|H2OX|DSL|
2046|102|H2OX|LFG|
2047|102|H2OX|LPG|
2048|102|H2OX|MIX|
2049|102|H2OX|NNG|
2050|102|H2OX|OGS|
2051|102|H2OX|OIL|
2052|102|H2OX|OOL|
2053|102|H2OX|OSF|
2054|102|H2OX|PDG|
2055|102|H2OX|PNG|
2056|102|H2OX|PRG|
2057|102|H2OX|PRP|
2058|102|H2OX|PRS|
2059|102|H2OX|PTC|
2060|102|H2OX|R|
2061|102|H2OX|RFG|
2062|102|H2OX|SRG|
2063|102|H2OX|TDF|
2064|102|H2OX|W|
2065|102|H2OX|WL|
2066|102|O2N|BFG|
2067|102|O2N|BUT|
2068|102|O2N|C|
2069|102|O2N|CDG|
2070|102|O2N|COG|
2071|102|O2N|CRF|
2072|102|O2N|DGG|
2073|102|O2N|DSL|
2074|102|O2N|LFG|
2075|102|O2N|LPG|
2076|102|O2N|MIX|
2077|102|O2N|NNG|
2078|102|O2N|OGS|
2079|102|O2N|OIL|
2080|102|O2N|OOL|
2081|102|O2N|OSF|
2082|102|O2N|PDG|
2083|102|O2N|PNG|
2084|102|O2N|PRG|
2085|102|O2N|PRP|
2086|102|O2N|PRS|
2087|102|O2N|PTC|
2088|102|O2N|R|
2089|102|O2N|RFG|
2090|102|O2N|SRG|
2091|102|O2N|TDF|
2092|102|O2N|W|
2093|102|O2N|WL|
2094|102|O2X|NFS|
2095|102|MNNX|BFG|
2096|102|MNNX|BUT|
2097|102|MNNX|C|
2098|102|MNNX|CDG|
2099|102|MNNX|COG|
2100|102|MNNX|CRF|
2101|102|MNNX|DGG|
2102|102|MNNX|DSL|
2103|102|MNNX|LFG|
2104|102|MNNX|LPG|
2105|102|MNNX|MIX|
2106|102|MNNX|NNG|
2107|102|MNNX|OGS|
2108|102|MNNX|OIL|
2109|102|MNNX|OOL|
2110|102|MNNX|OSF|
2111|102|MNNX|PDG|
2112|102|MNNX|PNG|
2113|102|MNNX|PRG|
2114|102|MNNX|PRP|
2115|102|MNNX|PRS|
2116|102|MNNX|PTC|
2117|102|MNNX|R|
2118|102|MNNX|RFG|
2119|102|MNNX|SRG|
2120|102|MNNX|TDF|
2121|102|MNNX|W|
2122|102|MNNX|WL|
2123|102|NOXR|BFG|
2124|102|NOXR|BUT|
2125|102|NOXR|CDG|
2126|102|NOXR|COG|
2127|102|NOXR|DGG|
2128|102|NOXR|DSL|
2129|102|NOXR|LFG|
2130|102|NOXR|LPG|
2131|102|NOXR|NNG|
2132|102|NOXR|OGS|
2133|102|NOXR|OIL|
2134|102|NOXR|OOL|
2135|102|NOXR|PDG|
2136|102|NOXR|PNG|
2137|102|NOXR|PRG|
2138|102|NOXR|PRP|
2139|102|NOXR|RFG|
2140|102|NOXR|SRG|
2141|102|SO2R|BFG|
2142|102|SO2R|BUT|
2143|102|SO2R|C|
2144|102|SO2R|CDG|
2145|102|SO2R|COG|
2146|102|SO2R|CRF|
2147|102|SO2R|DGG|
2148|102|SO2R|DSL|
2149|102|SO2R|LFG|
2150|102|SO2R|LPG|
2151|102|SO2R|NNG|
2152|102|SO2R|OGS|
2153|102|SO2R|OIL|
2154|102|SO2R|OOL|
2155|102|SO2R|OSF|
2156|102|SO2R|PDG|
2157|102|SO2R|PNG|
2158|102|SO2R|PRG|
2159|102|SO2R|PRP|
2160|102|SO2R|PRS|
2161|102|SO2R|PTC|
2162|102|SO2R|R|
2163|102|SO2R|RFG|
2164|102|SO2R|SRG|
2165|102|SO2R|TDF|
2166|102|SO2R|W|
2167|102|SO2R|WL|
2168|102|NORX|BFG|
2169|102|NORX|BUT|
2170|102|NORX|C|
2171|102|NORX|CDG|
2172|102|NORX|COG|
2173|102|NORX|CRF|
2174|102|NORX|DGG|
2175|102|NORX|DSL|
2176|102|NORX|LFG|
2177|102|NORX|LPG|
2178|102|NORX|MIX|
2179|102|NORX|NNG|
2180|102|NORX|OGS|
2181|102|NORX|OIL|
2182|102|NORX|OOL|
2183|102|NORX|OSF|
2184|102|NORX|PDG|
2185|102|NORX|PNG|
2186|102|NORX|PRG|
2187|102|NORX|PRP|
2188|102|NORX|PRS|
2189|102|NORX|PTC|
2190|102|NORX|R|
2191|102|NORX|RFG|
2192|102|NORX|SRG|
2193|102|NORX|TDF|
2194|102|NORX|W|
2195|102|NORX|WL|
2196|102|MNHI|BFG|
2197|102|MNHI|BUT|
2198|102|MNHI|C|
2199|102|MNHI|CDG|
2200|102|MNHI|COG|
2201|102|MNHI|CRF|
2202|102|MNHI|DGG|
2203|102|MNHI|DSL|
2204|102|MNHI|LFG|
2205|102|MNHI|LPG|
2206|102|MNHI|MIX|
2207|102|MNHI|NNG|
2208|102|MNHI|OGS|
2209|102|MNHI|OIL|
2210|102|MNHI|OOL|
2211|102|MNHI|OSF|
2212|102|MNHI|PDG|
2213|102|MNHI|PNG|
2214|102|MNHI|PRG|
2215|102|MNHI|PRP|
2216|102|MNHI|PRS|
2217|102|MNHI|PTC|
2218|102|MNHI|R|
2219|102|MNHI|RFG|
2220|102|MNHI|SRG|
2221|102|MNHI|TDF|
2222|102|MNHI|W|
2223|102|MNHI|WL|
2224|102|MHHI|BFG|
2225|102|MHHI|BUT|
2226|102|MHHI|CDG|
2227|102|MHHI|COG|
2228|102|MHHI|DGG|
2229|102|MHHI|DSL|
2230|102|MHHI|LFG|
2231|102|MHHI|LPG|
2232|102|MHHI|NNG|
2233|102|MHHI|OGS|
2234|102|MHHI|OIL|
2235|102|MHHI|OOL|
2236|102|MHHI|PDG|
2237|102|MHHI|PNG|
2238|102|MHHI|PRG|
2239|102|MHHI|PRP|
2240|102|MHHI|RFG|
2241|102|MHHI|SRG|
2242|102|CO2R|BFG|
2243|102|CO2R|BUT|
2244|102|CO2R|CDG|
2245|102|CO2R|COG|
2246|102|CO2R|DGG|
2247|102|CO2R|DSL|
2248|102|CO2R|LFG|
2249|102|CO2R|LPG|
2250|102|CO2R|NNG|
2251|102|CO2R|OGS|
2252|102|CO2R|OIL|
2253|102|CO2R|OOL|
2254|102|CO2R|PDG|
2255|102|CO2R|PNG|
2256|102|CO2R|PRG|
2257|102|CO2R|PRP|
2258|102|CO2R|RFG|
2259|102|CO2R|SRG|
2260|102|FLOX|BFG|
2261|102|FLOX|BUT|
2262|102|FLOX|C|
2263|102|FLOX|CDG|
2264|102|FLOX|COG|
2265|102|FLOX|CRF|
2266|102|FLOX|DGG|
2267|102|FLOX|DSL|
2268|102|FLOX|LFG|
2269|102|FLOX|LPG|
2270|102|FLOX|MIX|
2271|102|FLOX|NNG|
2272|102|FLOX|OGS|
2273|102|FLOX|OIL|
2274|102|FLOX|OOL|
2275|102|FLOX|OSF|
2276|102|FLOX|PDG|
2277|102|FLOX|PNG|
2278|102|FLOX|PRG|
2279|102|FLOX|PRP|
2280|102|FLOX|PRS|
2281|102|FLOX|PTC|
2282|102|FLOX|R|
2283|102|FLOX|RFG|
2284|102|FLOX|SRG|
2285|102|FLOX|TDF|
2286|102|FLOX|W|
2287|102|FLOX|WL|
2288|102|SO2X|BFG|
2289|102|SO2X|BUT|
2290|102|SO2X|C|
2291|102|SO2X|CDG|
2292|102|SO2X|COG|
2293|102|SO2X|CRF|
2294|102|SO2X|DGG|
2295|102|SO2X|DSL|
2296|102|SO2X|LFG|
2297|102|SO2X|LPG|
2298|102|SO2X|MIX|
2299|102|SO2X|NNG|
2300|102|SO2X|OGS|
2301|102|SO2X|OIL|
2302|102|SO2X|OOL|
2303|102|SO2X|OSF|
2304|102|SO2X|PDG|
2305|102|SO2X|PNG|
2306|102|SO2X|PRG|
2307|102|SO2X|PRP|
2308|102|SO2X|PRS|
2309|102|SO2X|PTC|
2310|102|SO2X|R|
2311|102|SO2X|RFG|
2312|102|SO2X|SRG|
2313|102|SO2X|TDF|
2314|102|SO2X|W|
2315|102|SO2X|WL|
2316|102|NOCX|BFG|
2317|102|NOCX|BUT|
2318|102|NOCX|C|
2319|102|NOCX|CDG|
2320|102|NOCX|COG|
2321|102|NOCX|CRF|
2322|102|NOCX|DGG|
2323|102|NOCX|DSL|
2324|102|NOCX|LFG|
2325|102|NOCX|LPG|
2326|102|NOCX|MIX|
2327|102|NOCX|NNG|
2328|102|NOCX|OGS|
2329|102|NOCX|OIL|
2330|102|NOCX|OOL|
2331|102|NOCX|OSF|
2332|102|NOCX|PDG|
2333|102|NOCX|PNG|
2334|102|NOCX|PRG|
2335|102|NOCX|PRP|
2336|102|NOCX|PRS|
2337|102|NOCX|PTC|
2338|102|NOCX|R|
2339|102|NOCX|RFG|
2340|102|NOCX|SRG|
2341|102|NOCX|TDF|
2342|102|NOCX|W|
2343|102|NOCX|WL|
2344|102|MNGF|NFS|
2345|102|BWA|NFS|
2346|103|CO2N|DEF|
2347|103|CO2X|DATA|
2348|103|H2O|APP|
2349|103|H2O|DEF|
2350|103|H2ON|DATA|
2351|103|H2ON|DEF|
2352|103|H2OX|DATA|
2353|103|H2OX|DEF|
2354|103|O2N|DATA|
2355|103|O2X|DATA|
2356|103|O2X|DEF|
2357|103|MNNX|APP|
2358|103|NOXR|DATA|
2359|103|NOXR|TEST|
2360|103|NOXR|DEF|
2361|103|SO2R|APP|
2362|103|SO2R|DEF|
2363|103|SO2R|CONT|
2364|103|SO2R|PERM|
2365|103|SO2R|SAMP|
2366|103|NORX|DATA|
2367|103|NORX|DEF|
2368|103|NORX|MAXD|
2369|103|NORX|PERM|
2370|103|NORX|TEST|
2371|103|MNHI|APP|
2372|103|MHHI|APP|
2373|103|MHHI|MAXD|
2374|103|CO2R|SAMP|
2375|103|CO2R|DEF|
2376|103|MNOF|DATA|
2377|103|FLOX|DATA|
2378|103|FLOX|TEST|
2379|103|SO2X|DATA|
2380|103|SO2X|TEST|
2381|103|SO2X|DEF|
2382|103|SO2X|SAMP|
2383|103|NOCX|DATA|
2384|103|NOCX|DEF|
2385|103|NOCX|MAXD|
2386|103|NOCX|PERM|
2387|103|NOCX|TEST|
2388|103|MNGF|DATA|
2389|103|BWA|DATA|
2390|104|CO2|F-2|
2391|104|CO2|F-11|
2392|104|CO2|G-4|
2393|104|CO2|G-4A|
2394|104|CO2C|F-14A|
2395|104|CO2C|F-14B|
2396|104|CO2M|G-1|
2397|104|CO2M|G-2|
2398|104|CO2M|G-3|
2399|104|CO2M|G-5|
2400|104|CO2M|G-6|
2401|104|CO2M|G-8|
2402|104|FC|F-7B|
2403|104|FC|F-8|
2404|104|FD|F-8|
2405|104|FD|F-7A|
2406|104|FGAS|N-GAS|
2407|104|FLOW|X-FL|
2408|104|FLOW|T-FL|
2409|104|FOIL|N-OIL|
2410|104|FW|19-14|
2411|104|FW|F-8|
2412|104|H2O|F-31|
2413|104|H2O|M-1K|
2414|104|HCLRE|HC-2|
2415|104|HCLRE|HC-3|
2416|104|HCLRE|MS-1|
2417|104|HCLRH|MS-1|
2418|104|HFRE|HF-2|
2419|104|HFRE|HF-3|
2420|104|HFRE|MS-1|
2421|104|HFRH|MS-1|
2422|104|HGRE|A-2|
2423|104|HGRE|A-3|
2424|104|HGRE|MS-1|
2425|104|HGRH|MS-1|
2426|104|HI|D-15A|
2427|104|HI|F-15|
2428|104|HI|F-16|
2429|104|HI|F-17|
2430|104|HI|F-18|
2431|104|HI|F-19V|
2432|104|HI|D-8|
2433|104|HI|F-19|
2434|104|HI|D-6|
2435|104|HI|F-20|
2436|104|HI|F-21A|
2437|104|HI|F-21B|
2438|104|HI|F-21C|
2439|104|HI|F-21D|
2440|104|HI|F-25|
2441|104|HI|SS-3B|
2442|104|HIT|SS-3A|
2443|104|NOX|F-24A|
2444|104|NOX|F-26A|
2445|104|NOX|F-26B|
2446|104|NOX|SS-2A|
2447|104|NOX|SS-2B|
2448|104|NOX|SS-2C|
2449|104|NOXR|F-5|
2450|104|NOXR|19-1|
2451|104|NOXR|19-2|
2452|104|NOXR|19-3|
2453|104|NOXR|19-3D|
2454|104|NOXR|19-4|
2455|104|NOXR|19-5|
2456|104|NOXR|19-5D|
2457|104|NOXR|19-6|
2458|104|NOXR|F-6|
2459|104|NOXR|19-7|
2460|104|NOXR|19-8|
2461|104|NOXR|19-9|
2462|104|NOXR|E-2|
2463|104|NOXR|NS-1|
2464|104|NOXR|NS-2|
2465|104|OILM|D-3|
2466|104|SO2|F-1|
2467|104|SO2|F-2|
2468|104|SO2|D-2|
2469|104|SO2|D-4|
2470|104|SO2|D-5|
2471|104|SO2|F-23|
2472|104|SO2|D-12|
2473|104|SO2|SS-1A|
2474|104|SO2|SS-1B|
2475|104|SO2R|D-1H|
2476|104|SO2RE|S-2|
2477|104|SO2RE|S-3|
2478|104|SO2RE|MS-1|
2479|104|SO2RH|MS-1|
2480|105|MW|LOAD|
2481|105|KLBHR|LOAD|
2482|105|MMBTUHR|LOAD|
2483|106|L|LOAD|
2484|106|M|LOAD|
2485|106|H|LOAD|
2486|107|CO2|FSP75|
2487|107|CO2|FSP75C|
2488|107|CO2|SPTS|
2489|107|H2O|FSP75|
2490|107|H2O|FSP75C|
2491|107|H2O|REV75|
2492|107|H2O|SPTS|
2493|107|HI|FSP75|
2494|107|HI|FSP75C|
2495|107|HI|NLB|
2496|107|HI|NLBOP|
2497|107|HI|SPTS|
2498|107|HIT|MHHI|
2499|107|NOX|FSP75|
2500|107|NOX|FSP75C|
2501|107|NOX|NLB|
2502|107|NOX|NLBOP|
2503|107|NOX|OZN75|
2504|107|NOX|SPTS|
2505|107|NOXR|FSP75|
2506|107|NOXR|FSP75C|
2507|107|NOXR|NLB|
2508|107|NOXR|NLBOP|
2509|107|NOXR|OZN75|
2510|107|NOXR|SPTS|
2511|107|SO2|FSP75|
2512|107|SO2|FSP75C|
2513|107|SO2|SPTS|
2514|108|SO2|CEM|BYMAX
2515|108|SO2|CEM|BYMAXFS
2516|108|SO2|CEMF23|BYMAX
2517|108|SO2|CEMF23|BYMAXFS
2518|108|NOX|CEM|BYMAX
2519|108|NOX|CEM|BYMAXFS
2520|108|NOX|NOXR|BYMAX
2521|108|NOX|NOXR|BYMAXFS
2522|108|NOXR|CEM|BYMAX
2523|108|NOXR|CEM|BYMAXFS
2524|11|HG|QUALLEE|
2525|11|HCL|QUALLEE|
2526|105|LBTBTU|QUALLEE|
2527|105|LBMMBTU|QUALLEE|
2528|105|LBMWH|QUALLEE|
2529|105|LBGWH|QUALLEE|
2613|105|SCFH|SYSFUEL|
2614|105|GALHR|SYSFUEL|
2615|105|BBLHR|SYSFUEL|
2616|105|M3HR|SYSFUEL|
2617|105|LBHR|SYSFUEL|
2618|105|HSCF|SYSFUEL|
2619|110|7DAY|TESTSUMMARY|
2620|110|CYCLE|TESTSUMMARY|
2621|110|LINE|TESTSUMMARY|
2622|110|HGLINE|TESTSUMMARY|
2623|110|HGSI3|TESTSUMMARY|
2624|110|RATA|TESTSUMMARY|
2625|110|F2LREF|TESTSUMMARY|
2626|110|F2LCHK|TESTSUMMARY|
2627|110|ONOFF|TESTSUMMARY|
2628|110|APPE|TESTSUMMARY|
2629|110|FFACC|TESTSUMMARY|
2630|110|FFACCTT|TESTSUMMARY|
2631|110|FF2LBAS|TESTSUMMARY|
2632|110|FF2LTST|TESTSUMMARY|
2633|110|UNITDEF|TESTSUMMARY|
2634|110|DAHS|TESTSUMMARY|
2635|110|DGFMCAL|TESTSUMMARY|
2636|110|MFMCAL|TESTSUMMARY|
2637|110|TSCAL|TESTSUMMARY|
2638|110|BCAL|TESTSUMMARY|
2639|110|QGA|TESTSUMMARY|
2640|110|LEAK|TESTSUMMARY|
2641|110|OTHER|TESTSUMMARY|
2642|110|PEI|TESTSUMMARY|
2643|110|PEMSACC|TESTSUMMARY|
2644|111|7DAY|DIAG|
2645|111|7DAY|INITIAL|
2646|111|7DAY|RECERT|
2647|111|CYCLE|DIAG|
2648|111|CYCLE|INITIAL|
2649|111|CYCLE|RECERT|
2650|111|LINE|DIAG|
2651|111|LINE|INITIAL|
2652|111|LINE|QA|
2653|111|LINE|RECERT|
2654|111|HGLINE|DIAG|
2655|111|HGLINE|INITIAL|
2656|111|HGLINE|QA|
2657|111|HGLINE|RECERT|
2658|111|HGSI3|DIAG|
2659|111|HGSI3|INITIAL|
2660|111|HGSI3|QA|
2661|111|HGSI3|RECERT|
2662|111|RATA|DIAG|
2663|111|RATA|INITIAL|
2664|111|RATA|QA|
2665|111|RATA|RECERT|
2666|111|F2LCHK|QA|
2667|111|ONOFF|DIAG|
2668|111|ONOFF|INITIAL|
2669|111|APPE|INITIAL|
2670|111|APPE|QA|
2671|111|APPE|RECERT|
2672|111|FFACC|DIAG|
2673|111|FFACC|INITIAL|
2674|111|FFACC|QA|
2675|111|FFACC|RECERT|
2676|111|FFACCTT|DIAG|
2677|111|FFACCTT|INITIAL|
2678|111|FFACCTT|QA|
2679|111|FFACCTT|RECERT|
2680|111|FF2LTST|QA|
2681|111|UNITDEF|INITIAL|
2682|111|UNITDEF|QA|
2683|111|UNITDEF|RECERT|
2684|111|DAHS|DIAG|
2685|111|DAHS|INITIAL|
2686|111|DAHS|RECERT|
2687|111|DGFMCAL|DIAG|
2688|111|DGFMCAL|INITIAL|
2689|111|DGFMCAL|QA|
2690|111|DGFMCAL|RECERT|
2691|111|MFMCAL|DIAG|
2692|111|MFMCAL|INITIAL|
2693|111|MFMCAL|QA|
2694|111|MFMCAL|RECERT|
2695|111|TSCAL|DIAG|
2696|111|TSCAL|INITIAL|
2697|111|TSCAL|QA|
2698|111|TSCAL|RECERT|
2699|111|BCAL|DIAG|
2700|111|BCAL|INITIAL|
2701|111|BCAL|QA|
2702|111|BCAL|RECERT|
2703|111|QGA|DIAG|
2704|111|QGA|INITIAL|
2705|111|QGA|QA|
2706|111|QGA|RECERT|
2707|111|LEAK|DIAG|
2708|111|LEAK|QA|
2709|111|OTHER|DIAG|
2710|111|OTHER|INITIAL|
2711|111|OTHER|QA|
2712|111|OTHER|RECERT|
2713|111|PEI|DIAG|
2714|111|PEI|INITIAL|
2715|111|PEI|QA|
2716|111|PEI|RECERT|
2717|111|PEMSACC|DIAG|
2718|111|PEMSACC|INITIAL|
2719|111|PEMSACC|QA|
2720|111|PEMSACC|RECERT|
2721|112|7DAY|ABORTED|
2722|112|7DAY|FAILED|
2723|112|7DAY|PASSAPS|
2724|112|7DAY|PASSED|
2725|112|CYCLE|ABORTED|
2726|112|CYCLE|FAILED|
2727|112|CYCLE|PASSED|
2728|112|LINE|ABORTED|
2729|112|LINE|FAILED|
2730|112|LINE|PASSAPS|
2731|112|LINE|PASSED|
2732|112|HGLINE|ABORTED|
2733|112|HGLINE|FAILED|
2734|112|HGLINE|PASSAPS|
2735|112|HGLINE|PASSED|
2736|112|HGSI3|ABORTED|
2737|112|HGSI3|FAILED|
2738|112|HGSI3|PASSAPS|
2739|112|HGSI3|PASSED|
2740|112|RATA|ABORTED|
2741|112|RATA|FAILED|
2742|112|RATA|PASSAPS|
2743|112|RATA|PASSED|
2744|112|F2LCHK|EXC168H|
2745|112|F2LCHK|FAILED|
2746|112|F2LCHK|FEW168H|
2747|112|F2LCHK|PASSED|
2748|112|ONOFF|PASSAPS|
2749|112|ONOFF|PASSED|
2750|112|FFACC|ABORTED|
2751|112|FFACC|FAILED|
2752|112|FFACC|PASSED|
2753|112|FFACCTT|ABORTED|
2754|112|FFACCTT|FAILED|
2755|112|FFACCTT|PASSED|
2756|112|FF2LTST|EXC168H|
2757|112|FF2LTST|FAILED|
2758|112|FF2LTST|FEW168H|
2759|112|FF2LTST|INPROG|
2760|112|FF2LTST|PASSED|
2761|112|DAHS|ABORTED|
2762|112|DAHS|FAILED|
2763|112|DAHS|PASSED|
2764|112|DGFMCAL|ABORTED|
2765|112|DGFMCAL|FAILED|
2766|112|DGFMCAL|PASSED|
2767|112|MFMCAL|ABORTED|
2768|112|MFMCAL|FAILED|
2769|112|MFMCAL|PASSED|
2770|112|TSCAL|ABORTED|
2771|112|TSCAL|FAILED|
2772|112|TSCAL|PASSED|
2773|112|BCAL|ABORTED|
2774|112|BCAL|FAILED|
2775|112|BCAL|PASSED|
2776|112|QGA|ABORTED|
2777|112|QGA|FAILED|
2778|112|QGA|PASSED|
2779|112|LEAK|ABORTED|
2780|112|LEAK|FAILED|
2781|112|LEAK|PASSED|
2782|112|OTHER|ABORTED|
2783|112|OTHER|FAILED|
2784|112|OTHER|PASSED|
2785|112|PEI|ABORTED|
2786|112|PEI|FAILED|
2787|112|PEI|PASSED|
2788|112|PEMSACC|ABORTED|
2789|112|PEMSACC|FAILED|
2790|112|PEMSACC|PASSED|
2791|113|7DAY|MID|
2792|113|7DAY|HIGH|
2793|113|CYCLE|ZERO|
2794|113|CYCLE|HIGH|
2795|113|LINE|LOW|
2796|113|LINE|MID|
2797|113|LINE|HIGH|
2798|113|HGLINE|LOW|
2799|113|HGLINE|MID|
2800|113|HGLINE|HIGH|
2801|113|HGSI3|LOW|
2802|113|HGSI3|MID|
2803|113|HGSI3|HIGH|
2804|113|RATA|LOW|
2805|113|RATA|MID|
2806|113|RATA|HIGH|
2807|113|ONOFF|MID|
2808|113|ONOFF|HIGH|
2809|113|APPE|LOW|
2810|113|APPE|MID|
2811|113|APPE|HIGH|
2812|113|UNITDEF|LOW|
2813|113|UNITDEF|MID|
2814|113|UNITDEF|HIGH|
2815|11|NOX|UNITCONTROL|
2816|11|SO2|UNITCONTROL|
2817|11|PART|UNITCONTROL|
2818|11|HCL|UNITCONTROL|
2819|11|HF|UNITCONTROL|
2820|11|HG|UNITCONTROL|
2821|114|NOX|CM|
2822|114|NOX|DLNB|
2823|114|NOX|H2O|
2824|114|NOX|LNB|
2825|114|NOX|LNBO|
2826|114|NOX|LNC1|
2827|114|NOX|LNC2|
2828|114|NOX|LNC3|
2829|114|NOX|LNCB|
2830|114|NOX|NH3|
2831|114|NOX|O|
2832|114|NOX|OFA|
2833|114|NOX|SCR|
2834|114|NOX|SNCR|
2835|114|NOX|STM|
2836|114|SO2|DA|
2837|114|SO2|DL|
2838|114|SO2|DSI|
2839|114|SO2|FBL|
2840|114|SO2|MO|
2841|114|SO2|O|
2842|114|SO2|SB|
2843|114|SO2|WL|
2844|114|SO2|WLS|
2845|114|PART|B|
2846|114|PART|ESP|
2847|114|PART|HESP|
2848|114|PART|WESP|
2849|114|PART|WS|
2850|114|PART|O|
2851|114|PART|C|
2852|114|HG|UPAC|
2853|114|HG|HPAC|
2854|114|HG|SB|
2855|114|HG|SORB|
2856|114|HG|APAC|
2857|114|HG|CAT|
2858|114|HG|REAC|
2859|114|HF|DSI|
2860|114|HF|SB|
2861|114|HCL|DSI|
2862|114|HCL|SB|
2863|115|BFG|UNITDEFAULT|
2864|115|BUT|UNITDEFAULT|
2865|115|CDG|UNITDEFAULT|
2866|115|COG|UNITDEFAULT|
2867|115|DGG|UNITDEFAULT|
2868|115|DSL|UNITDEFAULT|
2869|115|LFG|UNITDEFAULT|
2870|115|LPG|UNITDEFAULT|
2871|115|MIX|UNITDEFAULT|
2872|115|NNG|UNITDEFAULT|
2873|115|OGS|UNITDEFAULT|
2874|115|OIL|UNITDEFAULT|
2875|115|OOL|UNITDEFAULT|
2876|115|PDG|UNITDEFAULT|
2877|115|PNG|UNITDEFAULT|
2878|115|PRG|UNITDEFAULT|
2879|115|PRP|UNITDEFAULT|
2880|115|RFG|UNITDEFAULT|
2881|115|SRG|UNITDEFAULT|
2882|55|A|UNITDEFAULT|
2883|55|B|UNITDEFAULT|
2884|55|P|UNITDEFAULT|
1968|101|SO2R|LM|
1969|101|SO2R|F23|
2887|98|PM|COMPONENT|
2888|98|PM|COMPONENT|
2889|98|CPM|COMPONENT|
2890|21|CPM||
2891|21|CPM||
2892|21|CPM||
2893|21|CPM||
2894|21|CPM||
2895|21|CPM||
2896|21|CPM||
2897|21|CPM||
2898|21|CPM||
2899|21|CPM||
2900|21|CPM||
2901|21|CPM||
2902|21|CPM||
2903|21|CPM||
2904|21|CPM||
2905|21|CPM||
2906|21|CPM||
2907|21|CPM||
2908|21|CPM||
2909|21|CPM||
2910|21|CPM||
2911|21|CPM||
2912|21|CPM||
2913|21|CPM||
2914|21|CPM||
2915|21|CPM||
2916|21|CPM||
2917|21|CPM||
2918|21|CPM||
2919|21|CPM||
2920|21|CPM||
2921|21|CPM||
2922|21|CPM||
2923|21|CPM||
2924|21|CPM||
2925|21|CPM||
2926|21|CPM||
2927|21|CPM||
2928|21|CPM||
2929|21|CPM||
2930|21|CPM||
2931|21|CPM||
2932|21|CPM||
2933|21|CPM||
2934|21|CPM||
2935|21|CPM||
2936|21|CPM||
2937|21|CPM||
2938|21|CPM||
2939|21|CPM||
2940|21|CPM||
2941|21|CPM||
2942|21|CPM||
2943|21|CPM||
2944|21|CPM||
2945|21|CPM||
2946|21|CPM||
2947|21|CPM||
2948|21|CPM||
2949|21|CPM||
2950|21|CPM||
2951|21|CPM||
2952|21|CPM||
2953|21|CPM||
2954|21|CPM||
2955|21|CPM||
2956|21|CPM||
2957|21|CPM||
2958|21|CPM||
2959|21|CPM||
2960|21|CPM||
2961|21|CPM||
2962|21|CPM||
2963|21|CPM||
2964|21|CPM||
2965|21|CPM||
2966|21|CPM||
2967|21|CPM||
2968|21|CPM||
2969|21|CPM||
2970|21|CPM||
2971|21|CPM||
2972|21|CPM||
2973|21|CPM||
2974|21|CPM||
2975|21|CPM||
2976|21|CPM||
2977|21|CPM||
2978|21|CPM||
2979|21|CPM||
2980|21|CPM||
2981|21|CPM||
2982|21|CPM||
2983|21|CPM||
2984|21|CPM||
2985|21|CPM||
2986|21|CPM||
2987|21|CPM||
2988|21|CPM||
2989|21|CPM||
2990|21|CPM||
2991|21|CPM||
2992|21|CPM||
2993|21|CPM||
2994|21|CPM||
2995|21|CPM||
2996|21|CPM||
2997|21|CPM||
2998|21|CPM||
2999|21|CPM||
3000|21|CPM||
3001|21|CPM||
3002|21|CPM||
3003|21|CPM||
3004|21|CPM||
3005|21|CPM||
3006|21|CPM||
3007|21|CPM||
3008|21|CPM||
3009|21|CPM||
3010|21|CPM||
3011|21|CPM||
3012|21|CPM||
3013|21|CPM||
3014|21|CPM||
3015|21|CPM||
3016|21|CPM||
3017|21|CPM||
3018|21|CPM||
3019|21|CPM||
3020|21|CPM||
3021|21|CPM||
3022|21|CPM||
3023|21|CPM||
3024|21|CPM||
3025|21|CPM||
3026|21|CPM||
3027|21|CPM||
3028|21|CPM||
3029|21|CPM||
3030|21|CPM||
3031|21|CPM||
3032|21|CPM||
3033|21|CPM||
3034|21|CPM||
3035|21|CPM||
3036|21|CPM||
3037|21|CPM||
3038|21|CPM||
3039|21|CPM||
3040|21|CPM||
3041|21|CPM||
3042|21|CPM||
3043|21|CPM||
3044|21|CPM||
3045|21|CPM||
3046|21|CPM||
3047|21|CPM||
3048|21|CPM||
3049|21|CPM||
3050|21|CPM||
3051|21|CPM||
3052|21|CPM||
3053|21|CPM||
3054|21|CPM||
3055|21|CPM||
3056|21|CPM||
3057|21|CPM||
3058|21|CPM||
3059|21|CPM||
3060|21|CPM||
3061|21|CPM||
3062|21|CPM||
3063|21|CPM||
3064|21|CPM||
3065|21|CPM||
3066|21|CPM||
3067|21|CPM||
3068|21|CPM||
3069|21|CPM||
3070|21|CPM||
3071|21|CPM||
3072|21|CPM||
3073|21|CPM||
3074|21|CPM||
3075|21|CPM||
3076|21|CPM||
3077|21|CPM||
3078|21|CPM||
3079|21|CPM||
3080|21|CPM||
3081|21|CPM||
3082|21|CPM||
3083|21|CPM||
3084|21|CPM||
3085|21|CPM||
3086|21|CPM||
3087|21|CPM||
3088|21|CPM||
3089|21|CPM||
3090|21|CPM||
3091|21|CPM||
3092|21|CPM||
3093|21|CPM||
3094|21|CPM||
3095|21|CPM||
3096|21|CPM||
3097|21|CPM||
3098|21|CPM||
3099|21|CPM||
3100|21|CPM||
3101|21|CPM||
3102|21|CPM||
3103|21|CPM||
3104|21|CPM||
3105|21|CPM||
3106|21|CPM||
3107|21|CPM||
3108|21|CPM||
3109|21|CPM||
3110|21|CPM||
3111|21|CPM||
3112|21|CPM||
3113|21|CPM||
3114|21|CPM||
3115|21|CPM||
3116|21|CPM||
3117|21|CPM||
3118|21|CPM||
3119|21|CPM||
3120|21|CPM||
3121|21|CPM||
3122|21|CPM||
3123|21|CPM||
3124|21|CPM||
3125|21|CPM||
3126|21|CPM||
3127|21|CPM||
3128|21|CPM||
3129|21|CPM||
3130|21|CPM||
3131|21|CPM||
3132|21|CPM||
3133|21|CPM||
3134|21|CPM||
3135|21|CPM||
3136|21|CPM||
3137|21|CPM||
3138|21|CPM||
3139|21|CPM||
3140|21|CPM||
3141|21|CPM||
3142|21|CPM||
3143|21|CPM||
3144|21|CPM||
3145|21|CPM||
3146|21|CPM||
3147|21|CPM||
3148|21|CPM||
3149|21|CPM||
3150|21|CPM||
3151|21|CPM||
3152|21|CPM||
3153|21|CPM||
3154|21|CPM||
3155|21|CPM||
3156|21|CPM||
3157|21|CPM||
3158|21|CPM||
3159|21|CPM||
3160|21|CPM||
3161|21|CPM||
3162|21|CPM||
3163|21|CPM||
3164|21|CPM||
3165|21|CPM||
3166|21|CPM||
3167|21|CPM||
3168|21|CPM||
3169|21|CPM||
3170|21|CPM||
3171|21|CPM||
3172|21|CPM||
3173|21|CPM||
3174|21|CPM||
3175|11|PMRE|METHOD|
3176|11|PMRH|METHOD|
3177|11|PMPMA|METHOD|
3178|11|PMPMC|METHOD|
3179|8|PMRE|CEM|PM
3180|8|PMRE|CALC|
3181|8|PMRH|CEM|PM
3182|8|PMRH|CALC|
3183|8|PMPMA|CPMS|CPMS
3184|8|PMPMA|CALC|
3185|8|PMPMC|CPMS|CPMS
3186|8|PMPMC|CALC|
3187|11|PMRE|FORMULA|
3188|11|PMRH|FORMULA|
3189|104|HI|F-18C|
3190|104|NOX|F-27B|
3191|104|NOX|F-28|
3192|104|PMRE|C-3|
3193|104|PMRE|C-4|
3194|104|PMRE|MS-1|
3195|104|PMRE|MS-2|
3196|104|PMRE|11-3|
3197|104|PMRE|11-16|
3198|104|PMRE|11-34|
3199|104|PMRE|11-37|
3200|104|PMRE|11-46|
3201|104|PMRH|19-1|
3202|104|PMRH|19-2|
3203|104|PMRH|19-3|
3204|104|PMRH|19-4|
3205|104|PMRH|19-5|
3206|104|PMRH|19-6|
3207|104|PMRH|19-7|
3208|104|PMRH|19-8|
3209|104|PMRH|19-9|
3210|104|PMRH|MS-1|
3211|104|PMRH|19-3D|
3212|104|PMRH|19-5D|
3213|104|PMRH|11-3|
3214|104|PMRH|11-16|
3215|104|PMRH|11-34|
3216|104|PMRH|11-37|
3217|104|PMRH|11-46|
3218|16|HI||F-18C
3219|16|NOX||F-27B
3220|16|NOX||F-28
3221|16|PMRE|PMD|C-4
3222|16|PMRE|PMW|C-3
3223|16|PMRH|PMD|19-1
3224|16|PMRH|PMW|19-2
3225|16|PMRH|PMW|19-3
3226|16|PMRH|PMW|19-4
3227|16|PMRH|PMD|19-5
3228|16|PMRH|PMD|19-6
3229|16|PMRH|PMW|19-7
3230|16|PMRH|PMW|19-8
3231|16|PMRH|PMD|19-9
3232|16|PMRH|O2B|19-1
3233|16|PMRH|O2D|19-1
3234|16|PMRH|O2B|19-2
3235|16|PMRH|O2W|19-2
3236|16|PMRH|O2B|19-3
3237|16|PMRH|O2W|19-3
3238|16|PMRH|O2B|19-4
3239|16|PMRH|O2D|19-4
3240|16|PMRH|O2B|19-5
3241|16|PMRH|O2W|19-5
3242|16|PMRH|CO2D|19-6
3243|16|PMRH|CO2W|19-7
3244|16|PMRH|CO2D|19-8
3245|16|PMRH|CO2W|19-9
3246|16|PMRE||MS-1
3247|16|PMRH||MS-1
3248|16|PMRE||MS-2
3249|16|PMRH||19-3D
3250|16|PMRH||19-5D
3251|16|PMRE||11-3
3252|16|PMRE||11-16
3253|16|PMRE||11-34
3254|16|PMRE||11-37
3255|16|PMRE||11-46
3256|16|PMRH||11-3
3257|16|PMRH||11-16
3258|16|PMRH||11-34
3259|16|PMRH||11-37
3260|16|PMRH||11-46
3261|11|PM|UNITCONTROL|
3262|114|PM|B|
3263|114|PM|ESP|
3264|114|PM|HESP|
3265|114|PM|WESP|
3266|85|PM|PMRE,PMRH,PMPMA,PMPMC,MATSSUP,PM|PMRE (or PMRH, PMPMA, PMPMC version for heat input based method or PM Supplemental Method)
1361|85|HCL|HCLRE,HCLRH,SO2RE,SO2RH,MATSSUP,HCL|HCLRE (or HCLRH version for heat input based method, or equivalent SO2 method, or HCL Supplemental Method)
1363|85|HG|HGRE,HGRH,MATSSUP,HG|HGRE (or HGRH version for heat input based method or HG Supplemental Method)
1303|85|NOX|NOX,NOXM,CALC|NOX (or NOXM for an LME Unit)
3267|15|CPMS|CPM|Yes
3268|14|CPMS|NFS|
